id,PSNR
0035db245d3cb77717fc699f3237b178cc34b21e,
003c48e6f814af7376faa64c24269a84ebf3b5d7,
0079b5adbdd29bc38443bfe49db1ae84e02fadf3,
008d73dd7f94c758ef7ecdf42686062e231e923b,
00d295e36406fdb1ebe961bd2add75e52320ac41,
010d3a1ecc9b6e691630660ec5fb547de1017c5b,
02547b22cdfd3e710b0c2e01eb5248821728caac,
026a8ad80d60cbf4ed1b8a5a4bbd6e8d759ad83a,
026c857c1a813b3457a5d5a3923ee936d9872103,
02ecd50bf9837c68eb7649d388bab05a03e58c7d,
02f52ee1c402507d3866ce0f9c077afc23a24a4e,
0320f51aa0fbaf88e2d39c16e1eb291ba98d3787,
0365a0066f4849759d1d117b1e632c463a4c3e42,
03b0f113c0255a7257ccf1cf0f2b8e90008e9f9f,
03b16f49313b9d5197b829e4ddc43d471cb07f46,
03b3df7dbb399ae6b4d06c7f9f5bb49db5987ab2,
03b4dc954014f767730adeabcd4f12fe19af5c27,
03bbc2be922471f4709df9dc0fc9355bc82126b3,
042e1b53b3385a2298722bfae61f34e2f14943c9,
048d538dbc6625ff6bc70e56114d29d799e35566,
04c27123ef8cb70e56ae2300d0429c07550d7e1f,
04ef75eac63306ef923ebd3085729bea2a035bbb,
052f24f5a23f332a5a58ad4b6dd3192b89a54e60,
0578fba88eddfd13cd518aa059223f46a05b6764,
05842f36539f9af7a3706532aa70e7a3971de27f,
05c240186479e3d16639993e8e3dc9786be89763,
060a1018262eae228de79a722ca9738b389bbbe6,
06624ed279696113c8aedf07fe0280a6c0da4591,
067f885b2660acf44ed1d2b3f1f7e1b5c1e19fef,
06d23b5b01af59875c12ce932c41bcac4cc0d6ed,
06d638beb91d5bbdd506313ab2747eaae165adb1,
076e41d130f72aa50193a3f54cd773e13fdab569,
0771cb4eedae6fd8bbf86af860b7c14eb7658b6e,
07bc46ba33890f5f607d133698f6f54987eeb0dd,
08044ad2bbc537daa74c3687fc45e43645e852fa,
08111893f3f2e99c134af50a5113b279d6e2dfe2,
0811d02c59639993840d656ef1b945423b9aceb8,
08389fec32da7110b1faa2bd73f10211167374c4,
0939cb0f610f3541499be521ae43d226d4fa4d48,
095af2c2ed3927d532e0acfb363ef9223bfbfdb8,
096d1d6b7b6a9ddbc7207795f793d80efc7c0569,
099fd2da5aa25f4515320b0b6391eec98f5d81b7,
09daa7a8b2f4f63fdb8e7ef81b32e7da21ac6f25,
0a8e659015ee8800e062bcf4815ff0060a3348c9,
0ad39ae49da565eb9c27d7ce6e1cf6049e5e73e0,
0b52e5116935fa7826d83f62cea4f39de98753ca,
0b5c7f8a15f4eefc34e13226ef3e2ec31bfb7398,
0b838cabc2b733ce7293464e6169e169bdc916c5,
0b97a481ac295f07a7929dd3e48efe41b6802b17,
0bd4f279d88f41665133fe7807eed98c8b2bcee5,
0c5a5412dff5ae4ab944bcc742a737a9d3e8904e,
0df0edd003091ba53dd311d1b5b29ec07b911b0f,
0f1fce02fb7c68cbafa6560c1a5cf598b859c1ab,
0f49e2876229d22cb6c393ce3dfe7b5c3927fdc0,
0f60d4cfc3a8813680e4e2050d20f9eda157a75c,
0f72a85a007edef0afa270876f2a4e2f26103f12,
0fd9dfd7c8cb268fe597ffb59bde1b8e99094580,
0fdfe851dc600e234afc2fd50927597d2979694b,
102a8784d44ee8ba126cee62fb856aa1a094b236,
10cf0693309cfca22995b0f8a152f78e9f6166b3,
11bccf62cfd6f9f25358a9ba16c155b08d3b9b93,
120c16030147840c5bb424298971e177d7357153,
122124c168420d068296f6e146ec7aee84180c6a,
1235b46c80052d13dfc9727250c16beeb354d9fd,
12408d092447a808500a579c3eef46bbcb3c3178,
125587b6e8668882b8f4757c439943f1db6b8add,
12fcd214411c91e53ab957fdf796037337a595aa,
133c353d71447e812e74bc26a6cd0ca285e4da00,
14449eecafa6d3d9ead69f0a3a62cae412e18eb5,
145afd24c99a836c5c7c65eea051e6046d182519,
148be404e92cb16b913bc84ec08b81f691daac42,
14f20e3a8c932038422d0a7e72d7f05b7a7c05ac,
1558e68a1a56021b37dd94e36dd779d6c083e669,
155f3d8a78f95907b122b885f17fdcd5336b16b0,
156c706138349cb63a6e4d0b23f0c8728e49c807,
15d8e70f8a86a06805e2ad44a2c55af124436f5b,
15e629a335dc68298a87c6578ed2e8c3af46af6d,
15e780664f9aa4fbf8be90587a3ac5599121343d,
1625085527e2bda2912751dfe37196e15011d24e,
16d8c3e7af5f070ad0c0aa6553384db6c76fc54b,
1742b7a28480f5b68979c94904c86cc672ce2794,
1755b19934cf3dbdd0f0e9c396118858cfc4a2c8,
175650f4ed7ff84e71e6c5b1b3a8a896a2a8dffc,
177713053bedb849bddb392e21283abd32ed8a0e,
177df4a8c3f410ed2716ff43237f6fe5937727b2,
17ad6e758a8d0fe731a3fd81e935656c4696a245,
17b733058df179fc01dd3591dad70cf86e537472,
17d980408c2feddac40f31c1057bcdbd3819cb04,
17dbb5a62444235c6949adb4f26020766e93f8ff,
17dd4eb2375a82df888c9abdbfb66afc947a2012,
17fe05ecd1b9059baba37e6800ecb1211588d224,
181db8ac1fdb5cc7387e5b7647c2d5e9056ad509,
1820d544c7ec3429642f857f1449a23d529dc4ff,
187d107fc17d4fe51ac8c9ce4ad9fdcb1b96997c,
1884a3e258b18839ffa495269710a61345ae674d,
18bc2ef8d168385dc073496dad10123581fc52a0,
192d371693188819931d4b6ea17ad44fe8a2c8d2,
196fbf0a69a8460fc7bc57d5b05c8aaaa97d4a02,
19712eab6e0dbbcbcb9b55bbc217df31abdf0b54,
198ddefcf0f65b1def4fd81b4f39fc813d8ec95c,
199ea427154587bab85fcd4fdee4f3ce3eb4eb41,
1a103cfcb6072d84257cecf9816956534f3282ad,
1a4eb96580489dbee758c5155ff4e6baa7827f58,
1b028f57326edf88a474ed31b47b2b527b035617,
1b29b3e02da74f6b5aa5b08733d2370b11b1ab7e,
1c0df912e8ea6a62bd2318f6c2bc063a78508d5c,
1c212471d8ec4aeec7e8e616cc6d9f7048b92350,
1c418c03b44b4b29239bb22bad2c1f8fda7436b1,
1c53eed315ac8b669c67f7a861a4518265578625,
1c8065abc6cbcaa4a898382f45384fb5877cffe7,
1ce6e86d2a9637004f7c888f3b8eddb5688f9b47,
1d0d5ec9c713873adc83fd9a3b944803728fc0f4,
1d4eea7131fdef7d27755a819799e6aa86d24eab,
1d7330d00fe9321b0ced65a10a218237d205de5d,
1d7425378cbe029537e1ec4b78fb4dfacc39e217,
1d8b3ed10e56103273218c328db5e9b431092a11,
1d9564224549ec62901d6079f4a8a5a906e6868b,
1dc97dbc24e1dbae00706388289945bd929526cd,
1de3120f5aaf9c9baf75b09e395e6a1255cfd969,
1df5793b5155179f70fa2cd86585202f39fe8f4f,
1e1c5e9be1c573dc3678b394d7f4e8ee27cd29a4,
1e8faf6f1480fe843a6aa1ae2c95948309379239,
1e9d6182bde61167c09f3c29c4443622dc843cc1,
1eb1c7a7c1b03aecf06b60dfebc2841169d0e208,
1f5367a3c856da24f53020e1d17254b57c0c0956,
1f990bb78201544b7cfabafe7a602d96ae3ebec6,
20453c240fa0ca8656844389f5b270701a2ec390,
20e774bd34c9b421ae9d8e7fd2850a306f9ab2ab,
20f94856e61bb3e90d9e29d64e46fca9d7f189b6,
215176d45915636c1ae7d0c479a96e6a2c791d76,
2176d948af3c2339735b1e59258d54ad99571fe6,
2185ed3b9b0c1bd5eea208afe6db42f0482aa808,
218803f266e6abf408a2a0e2b30ad84ec3f3160c,
21a5d324b0f08da858babc3af0c7d56c0e7833f2,
2246fac38e392764150b9345a48376ac866fb4b8,
22da2cd09f6a8e24fdf314ac0ebe74bc36789931,
22df138fac2305642ea4d9cddd4c9f3030ce1c93,
22f69cbac9e1cafa35b4cf81470425492fd414d6,
2348a5f43e81552e88dd50ddd62a42e632c9d6cb,
23d21611b46ce63478c1c4d07fe3c966a6f99c5f,
242592833498f4c62784a4bafddefc11f4ed1015,
2498048b0b9d1e829b233d51c0f0180fcb82e1cf,
249f49f5364420321d827ccdc8cd970e87f4c82d,
24d0346f3fbda0c50773547f75939cc009bcc2ee,
251157dbeec044e86aa01279175c7c1d09120bcc,
260194430afd9d32fe67a1696ef87d2f5332b235,
26128ac9b1de1a60aec2ba876cc069963823ca4a,
265dd9dfb9fe877457daed5ba556926adff255bf,
26b393d8fc48ddee63e3bc28dbf2fcfdab9151cc,
26c7da39d7aef9f8b2f926a711c42ae8ed762223,
277d2d1d584839d0e5bdd575a5f73aeb2aa03742,
2786c8c893bf1e1092be75f0223689cc9ea627db,
283099f1f416edf6d8d4f4ff0492229bc565a159,
288f836ab4ae7e8f7cbe4cdb040bb7e8f4f93f7a,
28df520ef18d0cf6b50e483e1052463dafe508ea,
2933ca8441bf1783c3a24124e53d4501e175395a,
294f4442a8247940f9b7900f1e6f759378e70e15,
2951172b3043dd3d5c27336d9ac5ea5ce2751e73,
298181a84f1979a59a55a763d25ac71b920b5f03,
298b437f4cf7ee74ccb6d2359bb078f8a170d6f1,
29cbef6b0b42169fa80a41105518d808bbfd9e64,
29e1e657130125a504ae8a25255af0ba860428a4,
2a68c5d02528c32a708b1490b7480d8ef8132a83,
2ae9006f5fb5ef68f20a722c65013991e67cf5f0,
2b126ea5bb024433478a7fd337b94393d8b63ec5,
2b15249f3b83f6fe01814467d510d81d1801a0a7,
2b662d171444c9314f17accbbb93d6900c961b2a,
2b9500be29f9104c9d6f667af4c7c08549a3c572,
2bff5c14e91b82f5478fcdb2009f126533aeca7b,
2c224b1c432aaa72782a8687fc56d83abd5eaa4c,
2c5cca5bae4385ad8555a96262f7302488626306,
2cb1c87ecd2a1cf1ed2be39671f1f84ecbc694c8,
2cc7211f49d119cfd13b0a8a5d3656a0f8278e01,
2cf6998f1d4b9796367cd98c488f750492e4191c,
2d0bd46230b7d4c72b5ff18d819d8371b5455cb4,
2d2659674fbb3b6f3ed50a5fc12f583f013017af,
2d27accd7ac62af17b982a00b9ba4f53fcf2ad05,
2df0648956a32ed9b6711d27fa7925b3a260875a,
2e1b005910cbd60be47bce4392868a9a60bd2d93,
2eca71276840d3384d2fc8bf3caeddd2f90000eb,
2f6598c0cf99c0ebeb029ffac00e8b0041662ce2,
2f8878a963f3fd1b2c6ad55a255951c44a224b78,
2fe5f2ad05effe7bf27759fe4407c84fa71e8a4a,
2ffcb85d6edc5dc944e9adbeb4953326a567b9fe,
3018d348d7472b183c522291d93f63ff7b690c57,
305fa9c3ae5dce18cbdf01d02c9d56aa42d4e558,
306c8947dd78973fa9c485c9d63b396113d6e10e,
30d1d0b81bc94e8830516edd93f3e1eedfbb30fd,
30e6004ba707516794d33fb9cc7fbb7360972009,
332097f7748d524bb29fb78fa6a0511e14729495,
335d3c4304aeb5b29597d6cacf96653236d4ca7e,
33a0cd718bbb22ca79e32f5a8127d6c0674f8f90,
33c2ffb222e09537d0f9b139e730a8c56d84afc2,
340c6c2abad6db6313de7e8fd3365c21b9f7d270,
344f0c221a41779a17ac47942f5c561926a0d68a,
34942e34bab3d2758bdae2220b5a61415bb971c5,
34aeff7c6875e3fce6dc60a13a49e0887fe8499f,
34b2ba525d7671e3e946009997cfda83a1d62bf3,
34d1fbd034ba61434c70fd705aaa2c159f33a7da,
34ec75347be19c6c6c96964fac95fc4779df72a2,
3585f84546a64323188e32b78e5e90f994fd2373,
35a1eea51015e1ab2f9028b075fecced3f9fb07b,
35a4308d930126a47ab71bf2477bc6aa3242793f,
35c092fb97fbf3ec12f6af784219bcdff24d8348,
35fe53d1aeabe1ad8f1b81f4b142f078c04ff92e,
36437d07964e85f166e3171cf2577ef001e59a27,
3644c12a697c0ec0702822979705dc234fdc7d28,
365692b8372e9beb830286ff425541ef485187f1,
36b1ca6783cb632c13a44a26e264de3e00ee3df8,
36eb3ffea9487d079a21169dabd927dd9fbc2f15,
370d04e277023f11a6a8bd8e772a8243908ca147,
3714c86974705328cf89d0057a1f35f308e3cf4c,
3720e99404c75bbb7128ee940bc77ecb39183f1c,
372a4c614aa93247d34426563af02e41372cba6c,
374717e48929801328dae4111dfc3ed1036409b1,
37c86f29d27e1348db6891a82c50610af9a97074,
37d9c4fca0213eaec9ea5cd58ade1cd58a006927,
37efeb5f1bd131a60fafc3a2fe7ec5c607ddda3a,
381826a99d64b2704ce5f46a8b3e3f3043f96c85,
382ad81d92732ad3f63a69f4861eeb87a8cc4ef7,
38799c4919ddbdc8397c272e795a546144e7b8d4,
38814f8c0dce21d10e74be220566cc486e195291,
38b2db8fe103ea4839e38ce828cbb1441dca7844,
391633f8b954a4c396369d813512a3a5830607d9,
39968f515f5df08d3f0ac4a1919274744a43508a,
3a01d0f73cff38130b4296f32bfd6a411058c3cf,
3a2c85609ed43770dcc7fe08ca1929e433a398d0,
3b09681b9550b67b565fc241889234cd57f5e79c,
3c05450340285db09fff9200de630f9804d3881c,
3c0801c6e1e3caebbed08eeadb452ccd3d9df80c,
3c0930a5904768dde21913efd1948886e24598ab,
3c09921871aba429bb67a30dcc1938ecc6a7e668,
3c0d507b1344b25f25ae2d82ada88ba2ef392a4e,
3c23f991559b205799ecc3919e50e0ba44ffce10,
3c6d7ffc388acde8ea4814d617667f10dafe98fa,
3c7b63b052918f35d1618ce9497941d7b387ce34,
3c94e1c45d02226676d791b5895876ae2dc72562,
3c9c334a5622d742bcbaacdc7fd1ecc16e3af259,
3caab01b6a4712047b2499ceb7d4c670fe908090,
3dc4a48d43e113cf257da259fd06b2aa4ed33a38,
3dfe41e525c13844ae2bf9408d2553ab0a9ce2d4,
3e4fbc396f1d496c59fdd86c6bb74432df648429,
3e7d552cdf64fdc42b1c91344d2ad8ad29ee0ad2,
3e801ce9abac2913f6430b584e9b0a90b8ea6035,
3e8e8ecfc3aa90b456d7fefaa190d1d5171fa9f2,
3eb551dbef9ab2162476237e0bd8c3cde0f7b12d,
3ed2a747793c6a908be9d07bf4998e5c9f53a2f1,
3f0f535d435c8a7c4a79a3706d45da37de929988,
3f1a0a4f65f5358fcb457b13f5f1edf1250b72a2,
3f200090caa1f6856de582420fa930feafe93ef6,
3f2cd335974b90c6b28ec14fd4942f0ab48514f2,
3f5104af8401f6fad4c5a20b3b8bbe165ced4adc,
3f5f8f71d06408fbe1ca4a8d6dcd811478f79a0e,
3f6acfacc953854e4feba3b9fd329454099a0e6d,
3f843f75aae2a8225e5ea0d16982653471a9d599,
3fb755fd3eb82e61a131939d331878c02ef0b929,
3fca8303d042e32c1bc36e8d6a4f7675daca4c55,
3ffc48a37a3b88ec709ffde3d7ea48e855ed5d62,
40140e8598fd41b22cfb0678b200ac115da9ebc7,
408f5917ff5760976d7aa6ecf522ca0113500d9e,
40ee372a3f399ba1d77f2a5cfa0151cf60fa29d0,
41a5edb383609bf8255bd323c0217f8f6e1173db,
41dd644c2155ac93369a83b8d17236dc64731929,
422482aff336df60fe0a04322dfac689e0a32edb,
426e254e62876208f72d24b336dbca3f5542ca6a,
42e7eea7aa489e25ac5ca306c6fd9d87b8f0c514,
433ce1d75e1680b9ff0620bd389aeae0c9ed531c,
44007afef827c6c1b457542c4b79936cea2a99b1,
44454d85ecb7568691123d52539ff9dc5d15b338,
44591814ce674c53f5f42a5248124f679527be0c,
44808b1a97ff5aca96b34c1d7c4d0f98d14b168b,
44dfea98b8fdf0eff3b376ec2c5bb897cec3c41d,
450bde785d3344441252c2c70d9c7015abf0fcea,
45253c844dc198b84cdb583c55b4fcf4b29dabd2,
45782462f654e16f167464307e0f4bedf0a76bb8,
458570411855c227ff09bf9efeba2694fb31d9aa,
45b7e98300106cd2459f53590db0e1ce27f560db,
45f3daeecc73b620309e27228d2b5b83c6211ec1,
45fdf1db79414f5ea45b5cbca58aca7e1edfb04d,
4667c24ffba11dc6a9e5f46fb9807a5622536811,
46a2c53c35ac282e34e2ade4d9d586329d8661d7,
46a8cc9cb1556cbe2535584032612e2aab04a719,
47cb61e20c3bf40125633444fd90e7a182fe8d74,
4842e712536ba17c713446e6e6438ad8c55b7d7d,
4856807ac00ba2c1ad8de5f22888f5cc65a14b80,
487d87b013e7f8e1d10dcd153af49950f538f89c,
48cccc58b0bca4b653cac925b177d672d64463c4,
494848d82ffc01ec0e6ea236e5b871f2865c2aaa,
495c2a49784d025e2bdbefd6b286602b9e8671fd,
49ab9407a9b58828c3cddb9f7341ef7d88f799d7,
4aa572c2b7d96b9d392d12c2fc267f85961551a2,
4aacb83dec34b250dc72928dcf7138494de32522,
4abebee7775128961086af0498cc4ab36c307361,
4afc01198d06151325111a5a8fcceaedd0524763,
4b29f288b604630fca8f52c47bec316cc81a96e7,
4b758ddc6f80e264dd65b343430c49f1b137a2ef,
4bb6b82f8ee4534d5f69259231d324a8b3f59214,
4c7b172c0263c4a807f2d5c8b869c23d2c489697,
4cf8d4a5804ff9df882c44e9f18e96d7271acb1b,
4d045efa705b46251c054fdb6bcc8bce6647b855,
4d45b6cce2155e0089f32f9550ac7020ae7bc2e1,
4d6e89ac50b9bb42d1708a753c66a9c9dcc4c656,
4d77e0b68ec53a14f35d304df2473c97add14230,
4d7e5b5f81b7df2801013925fbfa299254a0acdd,
4d812c5bca68f71bdd5b370a8be3a5c544aec741,
4d8429f68a070dc760312db7afb375006851af13,
4db0c62dc536ac183c7d7036a560a82e614c00f2,
4e7845781d453086107eeda062336c297630b653,
4e78d5afb038564892a1cd171142925615ee2439,
4f4ecf01280b96b8094e31ddbd7fe468802f0581,
4f57576a61a0caca831452a442ff4ddd4aaab164,
4f64795d514287a6cded00054a4d79677287b6fa,
4fb1bd719fdf3e085b41fac44b2ff23bdf2d7250,
4fd42b30eb0172ef3d051d378dd43d8e7b853958,
4fd9376a8084b6a20d38813713d1da3f0b21e177,
4fda5c34bfc287efc68abe66e6236a652e5acf1c,
51053b4f0db606e1310b3a2c2cbd0a130aa8e16a,
5183b666ad1a12f48f033ff7aa024dd7476dc434,
523a21250d1ff43d356e42d37f501f3a77fe9dfc,
5249e0be92cbb7a24a2a3604077c2faf2304869d,
5296f727f00a6f98b7542b767fe7a25614f97333,
529bb08b209f976db1dd09a228c793290aedfe99,
52f26ae468f38d021453c2a086b964bd9e517c99,
538624f3c58a5fe2b18a14cc45468ba80e6fb91c,
53d798f36b2e60d1380693711d4b9807b31b0a92,
54285d8d1ba4a7bd843b08306e3f430348f48881,
5468539d1e7a6b146bf81136e7fa37cb0dab68e5,
54a19e544f9de4a637986fba817d8379ef551cf8,
54c05209def1771b6347045b6e3e14bac794e279,
5575a7d1b2eaaaf2b8d5ac06d36cbdb6c044741b,
557c1153ad4084091849e5b20b229f74b512b08a,
55a4296d367357ec938ffce952732f61c9960e56,
55ff923ed16f5fe6dd00ada6f84b15c99d69d447,
5650b7104cbcdeaf02cafb58aa9a67fdb9f0e042,
566e75c816a7a47a6f195d0b795854d9939811c5,
56b2a29c1729de97ffcdd8baf2a78e54c355fa91,
56b89cbd99c28dd7cc8cb55be21c724fd77ada31,
56cc360c5899b21388dd19960da65e9aec26ff18,
56d91c46b0dd0a23a1a43d63087508a597e54620,
56fc0025d0badb4e8eb50a74da6ab69363720c6c,
5791a08fc5c8917b97b811ba01f7b3674d40f5b7,
57bdfbb691f7b30fd26493b1c606582cd079f6fd,
57ee8175cd5988ec8d8c6992dfd282573b9f247d,
582a3c8469c949f7a38cf03510fc34bcd5cb7eac,
587915a20cb6691ce843c328b8d751f57e57a586,
5891f496935b10759ee736f80340b97855e88b98,
5906aefa5bcf73b1049d4c32f79f66bc6a1406da,
592433ff38eb07ec20e09cec2ce588ddb4aea2ba,
5941796cbf2a36118035cf249ba2eb13000de710,
598d2871840516b2754b0d4bfa67b9683955a88a,
59e9ae34ba7972ddf9f7821761c5b8df5f85cd32,
59f34966173615f60557cace5cfba4012aef8ce8,
5a5fd1f625b23168e7145512c2da91d3a56acdf6,
5a94851a919e6bd6aa81e4e8b788a452f39ca2d1,
5a98e3ef010027b3d8ce8b68542d0ce9b926265d,
5abbb0e5a6d606659c3eec6b324bb7e069fd8815,
5aca531f67f4677fa7806f13b01df002fc3a1db0,
5ad65870fcc2d9b33c2da8022c27fe7e14d74cca,
5b228e1dbe2260f2388b3814855d09db57b5750d,
5b443f0f499d550606239c8db663c8273f5c8799,
5c208facbc53420205ed608ac2248dcba15d9da8,
5c3640a0dec301e50d73c980c138f5770d33282e,
5c79709dd684105d424a8e35499d9412248bcc38,
5cb019e15c6270661ed1ed49b708181710b0a006,
5d0c8464fd83f8327fe07dace4c839b3e389d6d3,
5de2412f82d306f9025214a76495dc6327a5b177,
5df8e73cf678104ab0e5bfbbc1d8ec5bb905df96,
5e1c14bf00eb2c70ed7a543f5a69a78a460c5b99,
5e2e1d015f1285ecaa22fb503c2af66dd41683ae,
5e3582dce0e72da883c87fe006ca0a9759e42e40,
5e3e90cfa6d5abb8bf877d7e1e69fe6312c7271c,
5e8af542c06b70c8daf05a5e2007b822e0570379,
5ede57cb7bebd517cb50cef41cfe5b39f8451d2e,
5f8f946609a1bc0f2d4501c819f8b93542c62575,
5fd415ce9e7c0f7fae9395566a06f9c0fd0958a1,
603bfec1c157f1a5745d9417b49216eba962e421,
60aeb3c4f3b6a25943d30cd5451c7311ef336f93,
60ebd069ce9246dd0f61fab3112d1e79fd35ab0a,
60f5f47bfa2673b0b674c8a7cc9d25673733d834,
6157625e8bec4c4d946581073b83a57e140ee556,
61e0e39f51f761f8de8a2ad7ab9c0d90e20bf8d8,
623eb745672614a4e48f5fc101301b104081a129,
63322a74be16372eeb4c79a5645006c1aa232bec,
64082a686e590eff2625794b1925252ae7bd93a0,
6423ff8cd4ab2b5958f48bc5195f4f841714a870,
6441a901ff944fee38d8d1b11d3302ffccb1d5c4,
6495fe17243332d96c8aea6e412c9986d68e059c,
64b24a1c938fbd1be63af4f7b50893242a684baa,
64c33e2f30aaf6a22d6f59461e1e953cead68423,
6551da31e10b4f9f4439b0ea3e302534dc5101d1,
65a3ad7ce6ab17c5ae7ed87916cdf66353ffd699,
65fb1ef1f0948d2be289788fe8de68c830d54a6f,
66697210fba7e9f37413e66b3ee533a125315ee8,
66f079329e4f72adb1a7f178a1a4ea8b6558a8f8,
670128133094740a783c651d3a6d4fc29fe39271,
6717b965087b695305a07846fc25a964668a85a5,
67314670c362c29ece1d3789dfa2f27225790447,
674e4969e4ae26bbc7ac72e3534e0dbe5680d732,
6752657bcd18c70373c833c5aebe719c3cdec54a,
675e68514f3cf4492098adc1a47a0b53938a66e6,
6796985cde93043f380d682ba401da6310e6c635,
67b3c6132c7b2653aa7130e29d8ba25582d6d4db,
67d06d030f4bc9924a98443716df376d9b35d112,
67f8844d685f71ebf6e3b3618456ef9a0fbe0a78,
6860829a35591244095e2de3df398ca489c01e96,
687bd3f6e0478a8409170112d67c3cf33bb40902,
6990ec1f93fa03b79a87ada722e9f3fb5d80f593,
69bca19b87ecdfdbbffef41275009d63ca5a7308,
69e90722c4808294e5a5e31a01d3cfcf9ef4b9b2,
69f88865923527c05c5ed5316a51c779957de722,
6a4d85a7b2179c68984599ae330d9c142ded087b,
6a718eccb35dc187fe27532a1b6fe64b61544afa,
6b1fd2fd6d235741b0e3b31a57c52b8292bbb00c,
6b9acf6e0de19b4d377df62d426a20b00874198d,
6bc196f8d43a22e688bff83585f6766ffd8a301f,
6bf44cd1c5db0f14e2be1d969b4de592bb1dd9f0,
6c7e6a7389934882752a6c756e800a27c0529fe6,
6cb148871e75904da115899b4406b760459876c7,
6d530d128013770e226fc4e370027e19d781bec1,
6d5cb1c19918da726301868ca6489726f2f4be70,
6e3ce2c7b9a35172995fe5a918628597d42871f5,
6ea48c4c176518d06d7b0a3f24a50ca0cbaae8cb,
6eb00c428cfec86b8ad2f50d847fd0aafb534104,
6f085e8153c06c0ec5796626f25ca3ebdeb1e623,
6f0bab7c409b5ff8679d38935f63e9b8b9af2621,
6f5fc6197040d7ea2db564aec449c617c298f7dc,
6fcca5f73881240c820151ca648d4b57caea9114,
6fd519b96a834c42218fbe52a2bbee858faff4d6,
6ff80f584a8e1b4c507506c4d481659fbe4bc86c,
6ff8266f6ee251673ae4db140e52844e967952bb,
700e6f1125279fab1f5de7dc842d7af6e2ef1af6,
7018308c952f48b94f74f72bc99a4d46721ef12b,
707f43d94a7f92d9226ddae91a1fe4e13f4a3004,
71e36b9511135018c3054578604b4662e74170ec,
720ea965b24f6759453c793fe0943be11bb05c87,
72b2da48af42d3f2f701db9442b72399cd50367c,
72ff17d45604c876cdfab146de974d884dc73891,
73137455a5c9ad14244bac614d309732690b7f16,
734ac7a2c6d312273a33449f2b00408407ba529e,
73cacfc86728890a00c05c18424171dcf79ef61e,
7411b7761d1bbc70eb27b59332f7b85f4ecaa0eb,
7510abbf328c25867a490ec5582c8b2238640cca,
7523ad4333954c7632989519c50598cf138bceb0,
75d2b47a1e1add1b5a82977db7a3eeac41249ae1,
75d9d388f77fc6ef4c785e2611a5d905e883e6f9,
75e456d63de9a9294618012305f5e73ccfbf5920,
7635a54058341ffee1d798696590d53a85a95588,
765095f85b381d0ccc5dfee627d96b2bd9c61f04,
769a4fcf72edbd48f26827cc23d510e05007d851,
76acf9675d38fdf70d2f9b554c232d780ea83208,
76d7667fa6857ebcc60f9333fe3435403ddf2e1c,
76eaee3e93071df6cac9f95d547111a62f946b26,
76f61b7e56b41ec5ae4e3ae002143146c711c769,
770384ea6edda0476fce6ea087c17818844e0f9b,
770a88ca78ed0f4ca875a115358ca5fd2754f93e,
770c762184ab23a162d0700ccc65a773e85696e1,
7719b05b0a719fd7adc3f8cb0b49c7d720fab811,
773bfeaab993cb5cebca6b7e138cfba556674491,
77718b5a4878af56e1e69988d031fc113791a552,
777301f951a15f340f19587be055b552b381ee52,
778a50a3794bbcb797f2a3b6135b65c2068ccc56,
778b9ad21b5af61aff1a8179fb175f6f0045690e,
77f42dcc35095aa101dfce6402b9f01d85667efe,
781c9387b57dd912b44895c567e6c009e4c8bc13,
793d2c4fde08610872b4409ead4b3925ab3ed6da,
799393a8fd16e9cacaae462813fe98eb864dec3a,
79a42b22640111c5411dd538cbb673037969d137,
79f0eefe44a9c30b7ba34d1ffb2fd83d072b1048,
7a2c4f59d0d6addc1d65f1b0c4dc48332a4fef23,
7a3147882ff2bd407a96c134eda23c07add41316,
7a9ccb205f935f81a13530cf65cb0416d917da7d,
7ad45f12d5a922c13ec7a8209c9bffb1f17e1675,
7af03ebb28106708c510e223dd7a6e53f424de1f,
7bbd2de631b7fba7f90c049430c8b97a30b629d0,
7c6821d20af71c59ab45f748eaf8216a4a646c81,
7cb528fd2f9a1b6bfe767877be5c733c13b1e0f8,
7d1bd780b2035e047b3861a34a022c4c2e1c4d0b,
7d59d71397ae5837cd410a5c71eb37dd490b9194,
7dbad7ba9213cae24128253133bd4ac3dbeb7292,
7def20b0dfa2b558f998e0c708e91e22c4e4de06,
7e32e25d16f092d029281951c6d60da04fbc9e16,
7ec5017dd4990eed44dfa5740322fb8693258b3c,
7ee15424df510e130f58e40a3293b79d2f3af611,
7f2213ab39c01ff714f923578458662fba5509ff,
7f22cea795318dab30635f080b5cb72cdfc59b85,
7f9952a437493c61df1600da0d4b090f8a39e5a7,
7fb65443b558fc6a9e3b744057f592b50854f4ad,
7fc736064371c4c985c57df198276c536c25f3e2,
7ffc8304961d6acc64b7316198c89627c03cbe2a,
800e52f6921e507586b036eac0b48f76119a4664,
801eeddfcc5635427ff91603aeb9b79b98df3a41,
806aaa08f7972a1646c95ab96905ee2f04be4119,
808df6c0ac5da0af1d9b97dc4256d3b10a2b1f45,
8118b61b60b3c1bdbad7da11d9fac8261a9a136a,
81558f05b54cba5ee7916d06a956eef0f80d1b2e,
8192a5d123ea9d3fc6ae45592ba2451df487c280,
819d71a84c0a1023e30a51de90a1795c032afacd,
82028e9be46a7e7614ca494a8d6daeedc5692a5c,
8213146b3fcfb38e47472a75edcb2c52f52ce59d,
827c5b45b98538ef1488cd6de0d40060338a27bc,
8300814357d1fa16c6c1f094b046c7dcce1fc382,
830499470ece90d6f1ad5403a15a0b1c3552359d,
832a6cd78ab73a8dacd332cc5c726f36fbb94ca7,
83b3ffea83abae37862a34eb0e494b524ad14973,
83c5cf82769c21a989c2e592920847943bc7f434,
83f6a7524b4d2d1a9ec0951d4a79900e712209a3,
843a53af3a3362722ddcbbd3e1e66867a3d97b73,
844bf57243e1457172a8424164b28af49d673676,
8465ac1ccc27a0c896ae4314b1e2d392831cf070,
846813de91695cd7c0b7071b24a1c94e8bdaa3a7,
84bd64f625e8ddc05208228e7c1c421f94934fd2,
84beed3791e589634a2f0226c4a50c7a4cf64105,
84e3ca67fbaf68f6517d9f1cebdafde2fe826d5f,
858227ad90845b84e42f30f9f1985e7ce61d3290,
85a97f10f7d64356d644eeb6aa5facfb08d78061,
85ad74620347b8c2e4443bc72afa592f29103717,
86122db20f4370ec96524afd2153e76ca389e76c,
86518f88e581472e46497f890d81cb650870a2ba,
871f3baede7d6cdf52f095d5477db360214052da,
878f9bdaa1b8d927ad8ef9c1492626faab991d2f,
87f75972fa03771bec43dcc480e1ca664ee81d4b,
87f9876f3e07be148fdb90b4062ec1e07cc9aac2,
8956bd6654dbe569c56e4f4a9943445c8b65a223,
896dfe187dc9e5c5342d13498ea91c4b59449c39,
899177b252c2567136f161b948b97e296b88096b,
89c8684b1412d316b399fd7020b2298b7f283905,
89cd797a8900a7054302ecadd6d2e15030a8fb49,
89f90bdac4a55a383d2064d14276f870e20e1793,
8a42600fbb3f8dc2fe1ad126327a655c07e3d1d7,
8ab57e25016abddfc1720c472d6b00b325cb2557,
8b1ebdec0cbb92111c2547c6caa4839af9511d37,
8b6ae04405ca20e4660e31cbffd94fe8703a3b1e,
8c07bd6073977858089a5289db23a2051b9896fa,
8c15e0f4e4921cd4aaabee122f402585b402376d,
8c58ca20028b638433757b8997f766d93f0e3cff,
8cbba25c2f011b04eb65b0a922811b26f1210663,
8cf3f9f8dc7ac81ad2ec4e0c5aa7de300319e2fd,
8d2fdc93339c950d962dafb69e11aca307fdc952,
8d3e7d0299661ad6de9b6ebda8bc89c684f814b1,
8dcafc523caef6c14e5a69d124274f818859a449,
8e12f944ec7980f9e5bdf6d133ca37210de84697,
8e1d20b96b562a896d3cbd576c7fd5156dd2fb19,
8e4f19d4071da20c94bf7d76cf87929fffec5640,
8ed713f6ca29241eb785a675dff709e4dba21737,
8ee1e69d527b57177817300581975971b46bed78,
8ee8c1a14de516d29e2ec1b76330d3f86cf6c727,
8f51687dbda89bc6b94e1d96e83e8d9b6d3f7b9b,
8f8108853b8d262062fa3441d7d3cc8a0876d338,
8fcd1e81c6a5b0b5a7d5a14e33ebbd167be01d3b,
8fe1a3a233c40497a4b4d8c71ecc3b27539c8176,
902c73f54fa4d4e89b061d2d87bd19b0dc5f5695,
90b854f1080d322369df6dfcfe27153659a63fc3,
90df7a1b156edd4a068bcfb2f16a5595726f8327,
91717ce407b296450697d297bd7fbac92df9d5aa,
91729d02ba2bd2f9a0354cf27f8420b08b22328d,
91a3e47f68f8084f43af26c7c566fb377bbb96b0,
920356e6793a2178ae773c17d4cb873fcd429927,
9276017f53ec4e6284287dd603e6cda7a97b73ae,
92c6f053911d218c81d1a3b79940b7f834374f3e,
9361c3d34ced42dc06e21c346737479722095427,
93d2158855ff73324eb472e068308136324c37bf,
93ed633f9bdc3078ee8d8de7a49cf84da46996cd,
93fd4efebdc1e7860fb96de626f731231e8e4c36,
9409d07926eb8199a7d9a936586f4b65318279bd,
94ef646b3e0e37e60aa3a2ce2fd79ba7e7ae4230,
9533f8d70ce19535d22770fb00f64a40782fcf0c,
954a1337cad70d1e04731602d8959ff649037f35,
958177ef8c6f3d976cd041bd542b529050db0e82,
958990e5f5a0cd723dbf4645e08d7cc2a3ccf8b2,
95cb0d0e1822bec26ad6d8d06303a2f21b88d047,
95cdfd21ce1b1ffa45a45b987fc3665081562c1d,
96c350d15f7953dc5971d781612040ec94973b36,
96fffaa369a499da4c38fd4382f673ebb1285102,
97306eec2fca49a450f6e393af9e66b2b20f6361,
979f6878279eda2dc94b40bf0104e0e4b6c34caf,
9811e902ec402f03e1b99a264073eccb1e1e58c3,
983bd8ea01e3afdb1b5ef7881e072e6f2181c6ea,
9844ec682a5201f9b63dcffaae668a54ab419fcb,
985d5eb5f7a96e84b2bc899f760a9ee76c8f40a1,
98659a03daca8bade4dfdcbd3c33c8cbad2af832,
987b4279b6a8e27569a920fdfbd07b73887bdbea,
9931cf9c7e2a67a8cb4c9b4903a60e2af8f7986a,
99397349472856db82a46cb67cd0b7323a6961b4,
99681733880134c01d7ed793530018260885e771,
99a544927db6edceb59eaa587798c9eccbab77f0,
99b272ae23876c2a554b2b4a5a584bd7cb74d330,
9a686c5ed491a3f0657c794d4f68b371271186cf,
9ab3680955b1ce2a0a14c02fd7335a8456550f8d,
9ab89f64b8d8dc611044eeb7560d458a8871afb2,
9b787a60ac516e5b1327ebc8185125af8b498326,
9b906e0eb80cc58650f78262fe1fc29dc719a34b,
9ba581aa579c1798593f72cec3f50d8a7b7faed5,
9bab92aadd335774f1aca5a24247d19eb27140b7,
9c4c9b50bd80892d1b3525fc05ab34c34aadfc45,
9c50cbf0e844bfa247f4f7fe9fdca4938bf97373,
9cf64973826474e406cfadab433bf2644a57d552,
9d0081b5fe07f9709d2952a1774e4268fc080cc6,
9d10bc457d40e20f1c9c8736d23c4f7f01675e12,
9d3d8d63769f9c2ba667025e8176d32a2dbc2503,
9d49d37b3a8d326f12ad0b7dcd4ca3ed4fac04f2,
9d7fa32b6dd6f87078ae091280e1c650dda3a9fd,
9d87f3652c443febf325c5b93f0243589b7f827c,
9d8b8bb8a988f74b1e08fa1c4f3f65b50768d5a8,
9dae78c6912b98ea92b75d306c730fe86aa3fd61,
9dd98e4b0fce3b9975b348f2e7e8cbea354a6245,
9ed9491302dbb43c1bb4b49726ed3d2f05c362e0,
9eeaab321f5e471f0b4ffd75c4b9d8a0e28cc756,
9eecf882eb16ed0b126ce16e94339e3fd1f9bff5,
9f60fb191dfdf6b85213bed5a8a48632542552a4,
9f86e94687239a4e945064dd03d52366e56da590,
9fae027b51231ce2c830c714ede4d942c6bd3bdf,
a083b853d3edda21b193455783e9739afe0498a8,
a08951f75bfd384741922eb3d49c6758ee1942cf,
a1a7cc4a80a84231abd2a0787d14ac1ba7e382ef,
a1f93e7deddea39edef217265ccff8eb414a488a,
a226241384774f530669e3c91cee7ce4690213df,
a23a4fe7b597b8803ffc13ae273b5259c8091151,
a25956c536b45e8982aff1554bd863348bc0f0fb,
a2712c97e6ec4fb3688f8286cca786e4b5b3fc3e,
a2872fbfe066c4828420f0547c44b6a7c591bacb,
a2c22731abe14a9411dbd510c4f7580deb0aa203,
a3559a45930b10c15928c0ed7eee68f2793e8795,
a374c62e29272ce1ead5f1a92bbf63573225f781,
a3829acd4a22e559bf58308cefcba10f4e35a525,
a3e40a34847be9260e6c7664f9b3311a3c5ece36,
a4296a9787d52ba832c1996009b8a30ce476be40,
a4985d9eac282de971dd6378ff89b59a6ed4928a,
a4a3816397af0f8fed3f914eb5cdf42f5bd7a1df,
a4b646006f40b62021046ae9eed79f3bb6bfec5f,
a4fc6d88a0e63fcb5a23fd42db4cbedbd5b6d9b2,
a55f012debab67d60a44f44515eafd46ac3a1ae4,
a59f89186c7a378e9e3c5ecbbb515a437334d081,
a5ff1b88639f34c22dc1d8a4cbd36161b357be8b,
a62ef5079abcf11d9e1112f18a0eac6f4ce3f748,
a630fe58f48c8960134b76a9d4fe4c5ee0470a7e,
a6a82307f9657ac4bc8253cf0ffc57d11688988a,
a71a188ca5d66289f415efbf7c7c06bb99efc25e,
a7a7e69c7ecf25dc15cea80259cb4c781c3410a8,
a7e2eeb1193f4692abbd4aee89d21aca6e783a42,
a91a9dce20adec8749967beeeccd8ef8b87c8fef,
a96cc3c1e3ee283fec34b63ff51adaf69c16fa0b,
a97c336753c23dff09f6e027d14aa12c9a700789,
aa45801759ecf5b190427eba3e3aeecd3e38b354,
aa48f88b4bd520d3c1c90f9bf11bfa88006073e5,
aa7c132a8764672f6a5cb9ebb316490d4ecaec79,
aa8b098f77bf02d7b61135afc5aa943f37689e0b,
aab9fea4f66de31fb290a7308dd776a097c65263,
aacaf29cb95e7871f6a80385da3b5e1ecc74d6ff,
aaf0de4024c34ec7892d25b49acb2972216e0df0,
ab37fdc9842492b44adc9ae22f52d14cf495fccd,
ab564da014a5d17a76ed7265a1d9ead8cf4fbff4,
ab5f176fd34b682525fed501532ae83b34efe899,
abdf25f7a675d34b4d680943b727f32da95b645c,
abf4a9942fd7581d7afb46465620fe93569854af,
ac149c14b326c82c9831c4f724828a93ff1fb424,
ae1ffbbeb090c8bacd7677945f990d29fe9ddb69,
ae67d38084708e2d37a1e1ed4c051291f4ca5b80,
ae6ffb73156f71414c1e1e80e9e533c4b3905187,
ae9dde07d46ba2e2d31ea85837343fd845f7b40e,
af113309c9f8ca32c6aa734cda21cc15aa1f0348,
af128765a4384af68b1d262598ceb74ec826148f,
af2049fbad5e96bd7b7b6e0d826329197c05d5e9,
af2c0e78afedfb6a3fbb4104fa9d58fcc8acf4eb,
afc8d1c399a27e53a36f3c757a0004af2f8c262e,
b01ee2fbc2b805a12313a900d5f49dfe76ae5fd8,
b086be9f7b0fc93f9801f7b7b0ee2f1eef511930,
b08a0d0fb02833a2328836fac7e90c51313d925b,
b09fac6b0b26d18ace0aa07153f02f0d39a6b774,
b0e5efd14ded3641ade3a7d59b4c62c8c45e81ed,
b0f7bdaf658789dab8f3cba43745af2e223d351e,
b104f4814ba8208451797a705b09aa15745a7235,
b11163b3ace8fcda59eaf030c0f01d0967c797f7,
b125280abe9aa093c81bbd99ab06c48722bc1fdc,
b17680474b0407bf4732db4a6f91a33209837052,
b1bd1226a0bf83ebddbc03473f96ef2c5ff49c16,
b205b0673fa45c7c785a5f5d92200b5362e5415d,
b26ee5410c378c798971e5a278af0420013b9e8b,
b2b85e1bfe688f0a0f7bec098ff4faced320135d,
b318c44f3151622f99079374f95199d1a3101661,
b3b5f3932c0ba4014a93ccb2a0f9ac3101278bff,
b3dd972a3e69492e77dac308760a654c0eb21a35,
b47fb2995c8d78f554429946293ed2c177838f89,
b4aaa153dcfa10e4ee4addedaae9e2fa6c7032d4,
b507c99abe6367f0af6a45c3e440073f5061e098,
b59773b5776c3fb33d78bfa8c57ec3628bd82d6d,
b5fbee2c344156984f0bd96480adf731574038b1,
b635c5b191111103d78dc2f401ff8e0080371623,
b643aca05d3e786abb88b6c1609625c186da040c,
b6440e2c5752591716c276526d15de0875173ab5,
b745a8a83cf3bac7b5a98157dd12752193be7949,
b78300bf2c5451101e7858ddddd4d805e4588484,
b7aaee5d323fa468366fd31dd0f4c2a59d8348b0,
b7f35a481f8ee6f60a73fcc85201ce1b0b644c1c,
b85165ba73408f39b5862b161487bcbf00ea8b11,
b86527750e48ddf4c97a6ef51e6e5843518b7440,
b88d9f2ba31171b1e734f31aa968c9a05c04747e,
b8c9e21f73929b7cf86858516d60630107642f98,
b91dd43fd997861ceca1f793655ed494b4168c1c,
b9e969506d2b83974d8d9c00a619915a71b0a442,
bace37d4d2b75aad97c11c05e00f035c93cb84f3,
bad9115ae3db45e947f5818888b95f8050e59221,
bae43a63181d40a4ea4539b40736721e1004f4f9,
bb075696bb5968f81e83adeb0db0c52aa9e11082,
bb1a9afa157ec5095e392a5792b448e1ee58468a,
bb75c5f90b4e6d18ba9d2c96c47910eee750ad18,
bb811838c8403f46b1cf01266e74fdb2084a4f93,
bbac35248d7a582d44c14f79d0448d8520fc1d1a,
bbf4ed741f738979927d714c707b7b41d27fe0cf,
bc21c1356774978947874cec2a38f56964f92a41,
bc36671db9446a8deab988d0d41f704416ed8e8f,
bc6f073cb800cc70f31e361f4a39ff1488d875a7,
bca0ad289e477feea8b0461eb2b26615254d9a53,
bce0f35214bbd802dc5dbe01248a5c785713828e,
bd020923a374341ff95972d8e957d01afb06a64d,
bd5dcf09610873626ed527a71b7aaa351ee64be3,
bd806b60aadc6c5a7283ded926b17ab7e7513c26,
bdb60b5b3b3d2cc8d294f66332b5df09a908a66e,
bdb9a580631bba0e89f6810c7570e2ea4a05a80e,
bdb9ede71a403eb9e1e1636f7f662fb0258114e6,
bdba89cde86bc56c685e48de6c541cef62756a35,
bdd75e91eff59aa4366a79826578fffedb10f755,
bde0ac1f404abcb4ea0ac2df3d53b5863497f2f0,
bf54e19996b254e986935ad7bfbf157c912b620c,
bf76dd25c8af8380ee417db6af52f1a91a6857d8,
bf7b74ca6e7165cb4ca73810bae46d7b81a2cea2,
bf9263804034828793fc8ebad8b34e4b7d8d232f,
bff2fe35c46a89cc203d667d2de1f191212725d6,
c00033840a241e1b57bdbd1e9d0829f076c4e558,
c078f662ee332c55d47291feff55519cc0186fea,
c08eb2528913727e539ae9d34f863b828954b214,
c0b80edda45c19d77a54a1e8634a81905ba2e22d,
c0be8ba511b0fcbdac1782ffb0f4b6bc8f474ec2,
c0bf27c0eb996d555b2a21e88e561ef481006b22,
c0c74a6ba78097e28b454bcadef058edb1b50ad5,
c0e3ad8c180690bf422e61005aa8688c8d4a295d,
c1659ebd45b33416ecf745afcede953f223473df,
c18c2dc18b2d018e6b9d983b8ca4bee3cc0c18d0,
c1c7ec2a8113f2b7f6bcdfbad13670211410b850,
c1e96e3a6560c2758539e571897f5f4a2f92eaae,
c23f72a078ce0e0714f82a4e9c92a27fec1630f8,
c2862ccd34a30713aa6be6e6cac9a25350b7b798,
c2e694d2a7d6cfa1b10469ef4f48ae78fede88a9,
c2e833b8c3a6aba1dde0b7ea334b2f014f2206cc,
c2fb7332e1931d1862c7d60f27b09d20d8d763d7,
c3120ac17a4131310038c92bd406d1ad6ebc8cfb,
c319084043ae2dd80a70ec46146086118fc24e36,
c33c2ef5c345c47a309728ecc98985a71b8cc880,
c34afb6819c8efe0db45d65d4840bc2211e2d49f,
c3668902241cc543f85b303b8d4394b4ba1867fa,
c367f5ed9fa474e476f881c1836c1e76b47bb34f,
c377a2831c58ab99426e8a5c2775a89e184c6a16,
c386777799bf5cfd334faf932b41e3e3f5c83a64,
c3af637a9b130247c25b10556ecf7b7468ccc3fa,
c40e77f8567a872939a4c14c972311ca3722c539,
c429b5f425e9147515aaa6142ed6b77c2b1a6d78,
c46baaefb1af0dac373c801dfa80cdfca10ac2bc,
c493703622e70ce73b725acc09b9be0f7f619389,
c4aa2692fcb0ea16dc5d6086db6840a0745310fe,
c4b3ed1fe1c817c79c45f15d53a33f1ba5491d17,
c4d34db9fde51bedfc034f5bfd7b198c2ba01c8b,
c4fc90e41f9e6ff0548de4836c407276584a8596,
c5e5db1a415112651abc6c25d7ad35f924d9d309,
c6c3a7c3e5399101c8744c151cde5717b83df91e,
c717db50074b8511322347967a970dbd2b1957aa,
c726c54c8cb88778a1a5ab8568a1bc3a233b4e75,
c73c0ceffc579eae887902cd91c3cd584ca48ae9,
c7698badaf24e231bd6d9cb2f6a990e685aceb9a,
c7aca1d91e4d6be8f73cd5204fe5915ede75f0e6,
c7e6eed013f84f0eab2296ab2045dca6e07ac44b,
c8507138d11ed1a4e1e8e023bc2777c776cb3832,
c85aba887802db9d42c3d59e1a9a51cf813154b2,
c862b7989f2d06b477388192c95f5ac5db72f920,
c8a18904e5ac35d9c1e4bed1fb40115934015b01,
c92f12cd0c6f866b2ca1bb6ff86cabec688e21fd,
c9f7f266e800fb84b66bbcd16d6f36ccceab628c,
ca1fc1a7b268928d9dceefd5927a16a48471c28c,
ca278301df8f051d87d35fa05dc267b37f73fa6f,
ca441659374dcb298dda64b665af265cb2520e1d,
cac548a804742cb4752f378fb5607547c74b14a4,
cb1fd5eaf787291212607db9cddcaff6443633b1,
cb5fd4645f2d8ea3fe05a06e1353d919d1207567,
cb946381fcff4628f3aa77f224f46a40f2df82d2,
cb9983de3324528c882a3f88388a5fc2b880d6cd,
cbac29da4c496f9555fe094b0fddf58c9f4a2d12,
cbafd0f408b7b61b58907e7763d90772ba25d6ba,
cbbf6d3105bfdc8091e795dd2b0f857b1252b238,
cbf3fb5b73f2cc4befa10034e4ed600b381016cb,
cc149317589af2b11a2cb215af913d181a6433dc,
cc4929c191345c8c49b07e3b7666ad8f5a7574ba,
cc5060087275f5635860367afd7fcc799d2108b7,
cc66ea9263299954a59705d7e3675956bc85bb41,
cc78e37f3d5353d18561dc8666784fb00467e180,
ccaf2f9efcaaa9de514c5a35a7b9fe73ff3a60ca,
ccc8161e560efb93572b8141a442c99e6f551fcc,
cd0adc3510d592f09c6c19448ac6f2053de5578b,
cd24c32fc09f3a50aa73874dabb62e0eb0befbb2,
cd896cb31e74c3dea69db2c57ca682db373b044c,
cdbf21b02fbd9d13650e82162981bad629efff3f,
cdd517121ab62f3c9ed2033834db9c7271adb5e5,
cde0f8f03f7f2da4c1d7a30ce9e96fdd118e5955,
cdf375ee150e8f21f0f20cefe808b9427023c238,
ce03716ceeba3a8a42ea3da8529771865f9688d2,
ce6589f525a573eb0745639c6cb7a1bd00affbea,
cef21827253eab8112c550f21783825c8a9f6419,
cefd2cfda816fac8f48ab26a155146eab286a852,
cf1ef3a2282156444efb6cf71ffc91b2d2d61ccd,
cf38b4da6c8c300d043386becc1396a842d7e7eb,
cf5d8ea1a2ec06660889a08c5a7a2d56f279c9d2,
cfde49daabbfff2a7c602f97cead76d1169fb446,
d05bc8675e2c3813f22e25ed12a24ef7343794cb,
d07b8fe108306aa430108cc931123e6a76d41198,
d12962fada0cc4ca453c7502904ede2a1f3b60f8,
d1805ab2e58866bc90116dc6436652a7cf2021d5,
d18bba6b7b9e5ec855de232f9015b9b4d2bc5d03,
d191cd66c1ea32c6121fc8c33249326104a39cd7,
d1e68d49b0660489eada1460c14efb2f0b6c1e35,
d1f9dccc3cdbc425a106357dd8bf2d89e6af8a5b,
d26dc52f05e311bd2a301a60518fcea66ecb99a5,
d2c539a4e5ce2d9f2906fc1a0678e57200920dd0,
d2ee42521922fb0a352a15d275c6ea13d423715f,
d30a237572118ed48bf381ef52e9ae791f7eb186,
d30c921125efae59bfb27046470541839ac9eac3,
d33d5e93efdbb91b9d45dd43cf340cbaf47a232a,
d33fcd80b7c4e88106cb9e0720ca68ad8d740377,
d3618d803954fb7a7baa3cecb0c14b4d5172c10c,
d3694aa19924668b9b353edc655000a3f3a37f8b,
d3e6a9fae7dfe1e3ad38376b82221ad095d58599,
d4dbd19ded2b9f798bb7e3a62c3eae2e4a7d62e3,
d543934fb49a54f18b88735ac97b33d8716c7ecb,
d554e6efdeee10e49591793cd80ccbfcb7e410b4,
d573efaf706430a83bffb63e3f6fdf9a97927978,
d59e12e21ffbea17aec3280a1bb7e049ce1bba45,
d611a9319042e0e7a88ed2b8bbbdbbc4794a142c,
d65984f53a23b5ade9cd16a28818e4d2ec071fc7,
d7031ace9190a0a3a5a9c077fdc7985d4dc383c9,
d71d8983d824d451f51b0290f8efeb2e1c1b31b5,
d76852c4d366a48f49d38ebeeee27649a5d1c59e,
d76df2b571aafdbef346f3cbb03c26fa4f2dfb98,
d7937f31969c314a1c075eee56bb1eb1446080fb,
d7cee92c2897efd7d63c04c1a273273f94307470,
d846f2956f6cbece95f7d7454b1f708102f4872f,
d87e497e9ef700be7ac2bfcda70c725f91270b65,
d8c671278e23b1d562d89988f168217ed921a200,
d952fdd07d40e5143eca6df693e3e02c0bdecf68,
d9d0e712995fcdc3e502cb6dc6f8b3801c5964f2,
d9feef354547918f4ae2d27f06ce8a8280c8a9d7,
da0b124844788d75718dc14212403fdf6da87c5a,
da133384164fabafdccf74e2cb1516f0d8b1935c,
da649b7576a33b36571d3f04af0a223e65e94a3a,
da84aa5f4df1e87bfa886d9750e21ff6c3fe5ecb,
dab7843baeaa75da7f07cb5d0b772bca9c92c07c,
daf5d5185ed7e7fc7aad2eeaf5f60306ec39d37d,
db117dd04013d819f31d3d6d60d9643764b1292b,
db3392d74816862b77ef35a95bd4121098600567,
db8a82d9d7c1af326a4e95575ea80952e589d3cb,
dba28a281cdc1eed895ad5f8927f87945219ec29,
dc3cbeada36a41763181ff0f7eaa47a5fc1ea12c,
dc6ce09649ee3d2a355cdd9f4a2ebe090420ff6c,
dcd0fa50430ca300f36581858b5aad0a0116c50d,
dd249a51ab8d4171441035a5266063cefdc0e083,
dd6603d528ca9f4f332b5e40a5c717cc2a69a0a6,
dd9123779e4953ba4d26e02e8e3b5d6fe1b33aab,
ddb8c68e8ead90671df27fdf6f88abee47d1417c,
ddcea4c7652f6d2c1a595665c1d51af9bbee6441,
ddd02e32eaab520c1c02c05e214de815454912dc,
ddf05496183bac9901e77250d4805fb00e412a2f,
de5ef3e95ca2fd37c899291e4817c43a1aec53dc,
de6f1a5a3ee4a8226f2509ae60ff9c9e58e4960c,
decbc129a698f05982dac49317652d5b6f2b8954,
dedccbfb538ca1ae6243d5c993fe7ca697597198,
dee8fae6b4223fe02b61b0b1456c7c39d62d7212,
df25cfb9dc9551c66b46704045128a97888568de,
df52d8129903a9cdcd66b0fda98e04ededfe9023,
e018442967ff8d0b835db66e7e76504fac3c021f,
e0aad2fcf8c2d20d13eff53dd3e2a13f9a4551c8,
e0b908452f32e2ef1de92acfa3bd15b96ade5a20,
e1be66273721392084b12a1926938561596f0a5f,
e1cc39ef474c45a6e665a0025015930d97d237ef,
e2248307bbcebc93ff1dbb0e9b2aea705280cbe8,
e27fb4caef88a295513cafbe13b0bf2e71aa41e1,
e2809ebe9aefdbcfd7b91e460e9de9b77bb75396,
e2a5e7b6e44a050973d634cc77a09fd2d4442aa6,
e2c377e694e15fad853ce5195dd88d45c94156df,
e2cf4b118067c16f5360941545abc55d27825846,
e2faf76bb64b09888a5bd4610cbe703291a59347,
e30f6b3f5b188aedba239b45061718eee69c205e,
e3168909ba0ac411e735f1a7ae784e26787f5782,
e363dd188593cd16717f519aa4b3ea09690f79d7,
e3a719dd5956d31560a409f9dee9f0949bb0eeda,
e428076cdefaa49419559d08738d955327736b5c,
e43062273febed32504bb4f9caeb7caa85012df0,
e435653b8d0284ec5305b10484744d1fcbfc076e,
e49fbfe16a6a77e94be2b1576d87aa34682436e4,
e4a6c28443b1623a463625fe724e886938a0a543,
e4e3400e2611f800febcf258b43aae170bb8f67e,
e4f50d74bbf8cea81c37006317795922f807124e,
e4f5b01ea35ec80d9f93fede4cd2d57f2749b557,
e50ab7cffd150dcb4ce840fd9c4fe377c00fda87,
e58e3cfcf9bf4887019cbd77d2b82438523eb805,
e59483250ea50db86a8e4dd3f2a1b313fef49f80,
e5eff8c6c507afacd59e8124565d1199533962ae,
e651b5b5ecb3c4aa8fdc5eebb1e47cb8a77bc849,
e682308de314b9594e068d5ac215ea8a6b83e17f,
e6a1559e130705fa6b662776a092a9eabc3e521f,
e6a65dc674e1a5e8af20ffaa785d874572e11c2d,
e71561bdc069d664c2157d5122b25cff3096b920,
e789ca3d3312fec710b4c3c3d8acfdcebfac6b8f,
e78d5cc89f0d0beb79dff472077118eb383496cb,
e86321546c149859f95e35800da71f0645e28822,
e88b5dbcc964507844dd138e4bceeb52b8bb0017,
e8a292672e57fda2207730d7ab056aa4b8c184d4,
e93527dc1ad1a4b23f1e21aa59c75e75c29da145,
e936dde307128b45c9174f3abc6d30294bd906a3,
e9971e79a5919aa2a6a9311dc661ccbf73c5e631,
e99e57084b8819fdd2b26daa6e735ed2db7ed558,
e9a616712c97af2a1ca755633c7edeeca4f1b33b,
e9e55b52a6bb87bea39322f25f66db192173520f,
ea4a81d81e4bdc28aeea95fb58d73527d733382e,
ea7f4750a5ce03274d80e302c55af21c3c61d7bc,
ead4188a32082b897ecafbc0c45e6cdc79767036,
eae99ac39e7364623a5b277293c62f28db6da5c9,
eb4d863358e91da51faa450f483c31f9c037610c,
ebaa16ac28f35d7fd17f42f5e1b0b69d7ba4b273,
ecb963952e299830743bccc1dc17ac2fb0ab79b1,
ecc004d23d87ae0054c0c1630eadcb093b4fd3a1,
ecc74aad1b0e6e9efc255e49451482b4c154c25b,
ecfc143bd78a172ed1571b99689ec2dc50aff4b5,
ecfdd0b866f30f16e11e75d26c91572eab4be95e,
ed02e63f0f0cf2187cae83ced22cf5ba16036788,
edc549c1d8f33929e1a20204f75af07be53d2c40,
edd60ba382698bc9b96b2f4412bc45e5eb06932f,
eded49a942c058fa3e9692414f4b2e2cc1c16752,
edfc2b94f07b117e3397a971aed13ae7eb164206,
ee5955f8297ffd2dc17f08490a030bbd8aff2e92,
ee940b778adfc9b0987e5df2b4775b999b516506,
ee9f1b1813e8ec66cd87e9258aa1f0f407702a4f,
eed2f7c67de55aa43182f73206e93e474c38bb99,
ef06bad7dfffa44745d3cede1c532417a48c6f02,
ef22651ed78c8ec7c52c2e0ab093dd76af65f5c7,
f112485d46f512b15e257e6e08762c60f5ae1325,
f122e10ac9fab45ba16bd21ed0a32c119af1f1fd,
f1e7366eb33dc331a3cc2897ffae31f843549aee,
f239eac8191d030ced044d6731b5faf25b8c974f,
f253d232aa6d5450e5543abf9268ec2a7183e5e6,
f276fb0e5ed31be60107019fe1f7ad3149287a39,
f2e2576609466aa4ba86d11d2b1496bf809b560e,
f2e2df33847b02cfe575f672ca5c4b63008b3619,
f38bd07e11b7d63eb14a95a44038b6b33580580a,
f3bea99b06688c6cc3ca66a58ad3a1049bb5ea2e,
f3ca938cbab74fe979765d1e818e11c4647353c8,
f3dabd0fd4f1f4a1af5206d337f87bb49e8aab0f,
f41c8d34161162ac10ec118f8d5bd37f1b5a3407,
f42ee0632fcd7d56f6f0247699b1a449da7050c6,
f4af4ac0c3d4f73da12e431ea2d2141a896fba58,
f4e1fdc5b5f1102b6217e15fd55c7b1153ff29b4,
f57faa120225a23a1fb1d798b56ffe3faa2a1346,
f59e6b657fbd252aef4bf73449f5b530df2de9b6,
f5d9ba3e8ed3e0e13c63ba0da0f78a6c270f118a,
f5de081748f631972149ebfbf0baca0eb19c9cc8,
f6987eb8a400fc92f718091f03e967a6413749a6,
f69dd35719489673fe18edc8347f567b5d615de4,
f6ee4394126dae5c5fa4c033552d2e58ec8a1eff,
f728544442e3917091bc3fb38e1fe99817dedc3b,
f76b6a35287edb7800d397e749565bc5b79ef302,
f79cb58aa942b875435a6ad662694ff619c0b306,
f7d2d65bf96c8dd8329ff311db3ea2f438dda980,
f7f712aa026eeeed5d0f3ff0c178b998e8458702,
f83b18913b02150e8df3c08d34de659c98fac3e0,
f904aef07416016a997739a9bd662496e7f1bda3,
f91ef0a5a6f123e140b32e1cd96f643ec1bbefa3,
f9326c2078bb61a2205064c4da7b75e0a14b9f55,
f9362524fcbb72980b815ed9208fc8e48408bca3,
f94f282e2e73da6a5405e79192ef27833a0bd2e5,
f956af17c9ebd02848283087354d8676b14f67ad,
f9968facdaa01d7df6a1871c86ad34a224bf1a0d,
f9af77d90b86a3e452abd1342dff760593b429c7,
fa1b1b4a6a357acfde3bd359c045f946c3fe3b7c,
fa5ef8dcb068d49f43efba52b734146d936f7ab5,
fab634d079e38005671f5348ffd8d18cdb9566b1,
fad33b1d72d6db6929bb0d1a895517d7c83b6232,
faed4c92ca5fb75f726dc27cc8446c43c7432a51,
fb29178fb2cc6626ac30a1640a89a231361a88df,
fbdf1b050dd3dbc512cdde54a9d984d6fe8a1099,
fbfcef5528e72532f448cb2eae3be3e77b87007b,
fc25b22ce4714c7900c21326fcda8c60b95ee0b9,
fc633cbff50f777c4fff1b5196d865d6ae303f57,
fc7b5df9473fdee12300cc60ea9cca2c6997e292,
fcd621edd3f45cf9754f0b2e676908f2cb1721c5,
fd3632ca24fff17320f36a9fa8011afd05370003,
fd40dc986955cc7cdb3c2bb6e1c6c0cfdc4fcbb9,
fd623f14d0894fb39b21432b44f4148a8d2fe7ef,
fd83e7b57c4dbaf9ca8e3e4f8eb435df99c671fc,
fde98cea15340d6591b83ff2352913161c2d0b4c,
fe1a7a5b00b7992909ffd1bbf7072fb09596a4b9,
fe7a95ac739cfd44f3ad27bb224da8cf15e22603,
fea54e28fb7925c277257c86d2371a9c281ff9c2,
feaad2a72d2aa144918b752634533067638da849,
feb4528b23a9b5817258e899d48afc2512912644,
fee9156cc4f0e0977ee42df635211fb15f1e5da7,
ffa6ea32a863de0f89fb2073ebd47eb02e81a911,
