id,PSNR_orig,PSNR_fast,PSNR_rl
0035db245d3cb77717fc699f3237b178cc34b21e,,25.25834,25.316226959228516
003c48e6f814af7376faa64c24269a84ebf3b5d7,,26.243202,26.471738815307617
0079b5adbdd29bc38443bfe49db1ae84e02fadf3,,22.186466,21.839298248291016
008d73dd7f94c758ef7ecdf42686062e231e923b,,27.256908,26.22182846069336
00d295e36406fdb1ebe961bd2add75e52320ac41,,19.224976,19.23381996154785
010d3a1ecc9b6e691630660ec5fb547de1017c5b,,29.22676,29.322643280029297
02547b22cdfd3e710b0c2e01eb5248821728caac,,23.813934,23.54296875
026a8ad80d60cbf4ed1b8a5a4bbd6e8d759ad83a,,24.260643,24.015161514282227
026c857c1a813b3457a5d5a3923ee936d9872103,,18.83056,18.8588924407959
02ecd50bf9837c68eb7649d388bab05a03e58c7d,,28.183228,28.14678382873535
02f52ee1c402507d3866ce0f9c077afc23a24a4e,,24.896755,24.338115692138672
0320f51aa0fbaf88e2d39c16e1eb291ba98d3787,,20.772655,20.910436630249023
0365a0066f4849759d1d117b1e632c463a4c3e42,,19.877632,19.80551528930664
03b0f113c0255a7257ccf1cf0f2b8e90008e9f9f,,23.043787,22.989227294921875
03b16f49313b9d5197b829e4ddc43d471cb07f46,,27.249958,27.065813064575195
03b3df7dbb399ae6b4d06c7f9f5bb49db5987ab2,,19.169312,18.980167388916016
03b4dc954014f767730adeabcd4f12fe19af5c27,,24.359955,24.06068992614746
03bbc2be922471f4709df9dc0fc9355bc82126b3,,21.842451,21.73414421081543
042e1b53b3385a2298722bfae61f34e2f14943c9,,22.067738,21.798002243041992
048d538dbc6625ff6bc70e56114d29d799e35566,,26.326124,25.949432373046875
04c27123ef8cb70e56ae2300d0429c07550d7e1f,,22.300463,22.115440368652344
04ef75eac63306ef923ebd3085729bea2a035bbb,,24.935822,25.17620849609375
052f24f5a23f332a5a58ad4b6dd3192b89a54e60,,24.49284,24.133512496948242
0578fba88eddfd13cd518aa059223f46a05b6764,,22.387493,22.371440887451172
05842f36539f9af7a3706532aa70e7a3971de27f,,23.03567,22.544801712036133
05c240186479e3d16639993e8e3dc9786be89763,,21.178543,21.671737670898438
060a1018262eae228de79a722ca9738b389bbbe6,,21.127604,20.72934913635254
06624ed279696113c8aedf07fe0280a6c0da4591,,24.081638,23.87417221069336
067f885b2660acf44ed1d2b3f1f7e1b5c1e19fef,,23.679085,23.559953689575195
06d23b5b01af59875c12ce932c41bcac4cc0d6ed,,22.189571,22.14484214782715
06d638beb91d5bbdd506313ab2747eaae165adb1,,20.513279,20.473567962646484
076e41d130f72aa50193a3f54cd773e13fdab569,,21.72283,21.58252716064453
0771cb4eedae6fd8bbf86af860b7c14eb7658b6e,,22.341919,22.267105102539062
07bc46ba33890f5f607d133698f6f54987eeb0dd,,21.43244,21.467124938964844
08044ad2bbc537daa74c3687fc45e43645e852fa,,26.978456,27.10466194152832
08111893f3f2e99c134af50a5113b279d6e2dfe2,,25.408602,24.477436065673828
0811d02c59639993840d656ef1b945423b9aceb8,,22.077847,22.018314361572266
08389fec32da7110b1faa2bd73f10211167374c4,,20.042042,20.320232391357422
0939cb0f610f3541499be521ae43d226d4fa4d48,,26.389723,26.530487060546875
095af2c2ed3927d532e0acfb363ef9223bfbfdb8,,20.768557,20.551612854003906
096d1d6b7b6a9ddbc7207795f793d80efc7c0569,,23.173944,22.858407974243164
099fd2da5aa25f4515320b0b6391eec98f5d81b7,,25.24239,24.83325958251953
09daa7a8b2f4f63fdb8e7ef81b32e7da21ac6f25,,20.968082,20.581357955932617
0a8e659015ee8800e062bcf4815ff0060a3348c9,,20.790403,20.620311737060547
0ad39ae49da565eb9c27d7ce6e1cf6049e5e73e0,,25.210608,25.325008392333984
0b52e5116935fa7826d83f62cea4f39de98753ca,,24.655455,24.505586624145508
0b5c7f8a15f4eefc34e13226ef3e2ec31bfb7398,,21.89512,22.091453552246094
0b838cabc2b733ce7293464e6169e169bdc916c5,,23.904552,23.78369140625
0b97a481ac295f07a7929dd3e48efe41b6802b17,,22.5605,22.60809898376465
0bd4f279d88f41665133fe7807eed98c8b2bcee5,,24.719889,23.780038833618164
0c5a5412dff5ae4ab944bcc742a737a9d3e8904e,,22.469448,22.68621826171875
0df0edd003091ba53dd311d1b5b29ec07b911b0f,,20.977505,20.32262420654297
0f1fce02fb7c68cbafa6560c1a5cf598b859c1ab,,24.657063,24.275390625
0f49e2876229d22cb6c393ce3dfe7b5c3927fdc0,,23.904396,23.60886573791504
0f60d4cfc3a8813680e4e2050d20f9eda157a75c,,26.885004,26.62496566772461
0f72a85a007edef0afa270876f2a4e2f26103f12,,25.518114,25.653247833251953
0fd9dfd7c8cb268fe597ffb59bde1b8e99094580,,22.703047,22.69393539428711
0fdfe851dc600e234afc2fd50927597d2979694b,,22.0523,21.939058303833008
102a8784d44ee8ba126cee62fb856aa1a094b236,,21.435356,21.574365615844727
10cf0693309cfca22995b0f8a152f78e9f6166b3,,22.831562,22.617063522338867
11bccf62cfd6f9f25358a9ba16c155b08d3b9b93,,20.504276,20.844127655029297
120c16030147840c5bb424298971e177d7357153,,16.987436,17.202043533325195
122124c168420d068296f6e146ec7aee84180c6a,,24.391579,24.220884323120117
1235b46c80052d13dfc9727250c16beeb354d9fd,,23.641623,26.638315200805664
12408d092447a808500a579c3eef46bbcb3c3178,,22.340103,22.273454666137695
125587b6e8668882b8f4757c439943f1db6b8add,,23.94742,24.36902618408203
12fcd214411c91e53ab957fdf796037337a595aa,,16.86621,16.717557907104492
133c353d71447e812e74bc26a6cd0ca285e4da00,,22.404673,22.1407527923584
14449eecafa6d3d9ead69f0a3a62cae412e18eb5,,19.682861,19.758678436279297
145afd24c99a836c5c7c65eea051e6046d182519,,24.195631,24.23973274230957
148be404e92cb16b913bc84ec08b81f691daac42,,21.5821,21.412935256958008
14f20e3a8c932038422d0a7e72d7f05b7a7c05ac,,22.503403,22.347171783447266
1558e68a1a56021b37dd94e36dd779d6c083e669,,24.80421,25.430633544921875
155f3d8a78f95907b122b885f17fdcd5336b16b0,,20.111526,20.12116241455078
156c706138349cb63a6e4d0b23f0c8728e49c807,,19.252005,19.45339012145996
15d8e70f8a86a06805e2ad44a2c55af124436f5b,,22.718472,22.77075958251953
15e629a335dc68298a87c6578ed2e8c3af46af6d,,24.06326,24.112930297851562
15e780664f9aa4fbf8be90587a3ac5599121343d,,28.352201,27.884044647216797
1625085527e2bda2912751dfe37196e15011d24e,,21.035902,21.165847778320312
16d8c3e7af5f070ad0c0aa6553384db6c76fc54b,,22.319958,21.56017303466797
1742b7a28480f5b68979c94904c86cc672ce2794,,20.058716,19.73740005493164
1755b19934cf3dbdd0f0e9c396118858cfc4a2c8,,20.561123,20.680023193359375
175650f4ed7ff84e71e6c5b1b3a8a896a2a8dffc,,22.689724,22.063133239746094
177713053bedb849bddb392e21283abd32ed8a0e,,21.795887,21.65337562561035
177df4a8c3f410ed2716ff43237f6fe5937727b2,,23.307323,22.930639266967773
17ad6e758a8d0fe731a3fd81e935656c4696a245,,21.900814,21.608501434326172
17b733058df179fc01dd3591dad70cf86e537472,,24.952595,22.487987518310547
17d980408c2feddac40f31c1057bcdbd3819cb04,,28.527967,28.20744514465332
17dbb5a62444235c6949adb4f26020766e93f8ff,,28.975313,29.464712142944336
17dd4eb2375a82df888c9abdbfb66afc947a2012,,25.003513,24.963958740234375
17fe05ecd1b9059baba37e6800ecb1211588d224,,22.893343,22.763853073120117
181db8ac1fdb5cc7387e5b7647c2d5e9056ad509,,22.198524,22.028156280517578
1820d544c7ec3429642f857f1449a23d529dc4ff,,22.372295,22.152454376220703
187d107fc17d4fe51ac8c9ce4ad9fdcb1b96997c,,17.417809,17.414409637451172
1884a3e258b18839ffa495269710a61345ae674d,,23.278023,22.939411163330078
18bc2ef8d168385dc073496dad10123581fc52a0,,24.036686,24.17179298400879
192d371693188819931d4b6ea17ad44fe8a2c8d2,,22.44759,22.21794319152832
196fbf0a69a8460fc7bc57d5b05c8aaaa97d4a02,,26.448357,26.88368797302246
19712eab6e0dbbcbcb9b55bbc217df31abdf0b54,,22.536179,22.408037185668945
198ddefcf0f65b1def4fd81b4f39fc813d8ec95c,,25.66702,25.124034881591797
199ea427154587bab85fcd4fdee4f3ce3eb4eb41,,23.476727,23.543622970581055
1a103cfcb6072d84257cecf9816956534f3282ad,,23.549002,23.232013702392578
1a4eb96580489dbee758c5155ff4e6baa7827f58,,21.37722,21.251745223999023
1b028f57326edf88a474ed31b47b2b527b035617,,27.610447,27.46861457824707
1b29b3e02da74f6b5aa5b08733d2370b11b1ab7e,,23.201088,22.98427963256836
1c0df912e8ea6a62bd2318f6c2bc063a78508d5c,,26.106138,26.01580047607422
1c212471d8ec4aeec7e8e616cc6d9f7048b92350,,23.26888,22.940540313720703
1c418c03b44b4b29239bb22bad2c1f8fda7436b1,,21.128277,21.242902755737305
1c53eed315ac8b669c67f7a861a4518265578625,,26.083416,25.786495208740234
1c8065abc6cbcaa4a898382f45384fb5877cffe7,,21.81595,21.899993896484375
1ce6e86d2a9637004f7c888f3b8eddb5688f9b47,,24.261152,23.8931827545166
1d0d5ec9c713873adc83fd9a3b944803728fc0f4,,21.685772,21.496755599975586
1d4eea7131fdef7d27755a819799e6aa86d24eab,,26.051685,25.858783721923828
1d7330d00fe9321b0ced65a10a218237d205de5d,,25.292496,25.154541015625
1d7425378cbe029537e1ec4b78fb4dfacc39e217,,23.359926,23.06814193725586
1d8b3ed10e56103273218c328db5e9b431092a11,,23.775536,23.2947998046875
1d9564224549ec62901d6079f4a8a5a906e6868b,,25.620007,24.666784286499023
1dc97dbc24e1dbae00706388289945bd929526cd,,21.717285,21.80652618408203
1de3120f5aaf9c9baf75b09e395e6a1255cfd969,,22.47707,22.22088623046875
1df5793b5155179f70fa2cd86585202f39fe8f4f,,17.684027,17.858478546142578
1e1c5e9be1c573dc3678b394d7f4e8ee27cd29a4,,25.371626,24.91215705871582
1e8faf6f1480fe843a6aa1ae2c95948309379239,,21.922655,21.45766830444336
1e9d6182bde61167c09f3c29c4443622dc843cc1,,18.782522,18.917634963989258
1eb1c7a7c1b03aecf06b60dfebc2841169d0e208,,20.647429,20.641782760620117
1f5367a3c856da24f53020e1d17254b57c0c0956,,26.418736,26.11454200744629
1f990bb78201544b7cfabafe7a602d96ae3ebec6,,21.18277,21.3272762298584
20453c240fa0ca8656844389f5b270701a2ec390,,24.966028,24.06720733642578
20e774bd34c9b421ae9d8e7fd2850a306f9ab2ab,,28.17436,26.817745208740234
20f94856e61bb3e90d9e29d64e46fca9d7f189b6,,21.013556,20.80449676513672
215176d45915636c1ae7d0c479a96e6a2c791d76,,20.158524,20.169795989990234
2176d948af3c2339735b1e59258d54ad99571fe6,,23.0308,22.61660385131836
2185ed3b9b0c1bd5eea208afe6db42f0482aa808,,25.030361,25.712692260742188
218803f266e6abf408a2a0e2b30ad84ec3f3160c,,19.803751,19.800565719604492
21a5d324b0f08da858babc3af0c7d56c0e7833f2,,22.998795,22.76471710205078
2246fac38e392764150b9345a48376ac866fb4b8,,24.126322,24.19794464111328
22da2cd09f6a8e24fdf314ac0ebe74bc36789931,,24.546883,24.252918243408203
22df138fac2305642ea4d9cddd4c9f3030ce1c93,,24.12029,24.905696868896484
22f69cbac9e1cafa35b4cf81470425492fd414d6,,25.97654,25.900705337524414
2348a5f43e81552e88dd50ddd62a42e632c9d6cb,,26.237001,26.381175994873047
23d21611b46ce63478c1c4d07fe3c966a6f99c5f,,19.95966,19.946054458618164
242592833498f4c62784a4bafddefc11f4ed1015,,22.559347,22.93592643737793
2498048b0b9d1e829b233d51c0f0180fcb82e1cf,,27.532001,26.761085510253906
249f49f5364420321d827ccdc8cd970e87f4c82d,,24.66974,24.52788543701172
24d0346f3fbda0c50773547f75939cc009bcc2ee,,26.111393,25.713211059570312
251157dbeec044e86aa01279175c7c1d09120bcc,,26.565008,26.517974853515625
260194430afd9d32fe67a1696ef87d2f5332b235,,25.186184,24.969520568847656
26128ac9b1de1a60aec2ba876cc069963823ca4a,,24.358196,24.55864906311035
265dd9dfb9fe877457daed5ba556926adff255bf,,26.535719,26.28632354736328
26b393d8fc48ddee63e3bc28dbf2fcfdab9151cc,,22.165154,22.032949447631836
26c7da39d7aef9f8b2f926a711c42ae8ed762223,,23.413803,23.61370849609375
277d2d1d584839d0e5bdd575a5f73aeb2aa03742,,24.048433,24.04452896118164
2786c8c893bf1e1092be75f0223689cc9ea627db,,22.824804,23.194965362548828
283099f1f416edf6d8d4f4ff0492229bc565a159,,23.36889,23.115184783935547
288f836ab4ae7e8f7cbe4cdb040bb7e8f4f93f7a,,24.22797,23.710437774658203
28df520ef18d0cf6b50e483e1052463dafe508ea,,19.210918,18.88577651977539
2933ca8441bf1783c3a24124e53d4501e175395a,,23.013659,23.219383239746094
294f4442a8247940f9b7900f1e6f759378e70e15,,23.212463,23.046554565429688
2951172b3043dd3d5c27336d9ac5ea5ce2751e73,,19.97785,19.747488021850586
298181a84f1979a59a55a763d25ac71b920b5f03,,20.644064,20.635295867919922
298b437f4cf7ee74ccb6d2359bb078f8a170d6f1,,18.196003,18.260038375854492
29cbef6b0b42169fa80a41105518d808bbfd9e64,,20.524418,20.34161376953125
29e1e657130125a504ae8a25255af0ba860428a4,,26.55141,26.403018951416016
2a68c5d02528c32a708b1490b7480d8ef8132a83,,22.011526,22.01641082763672
2ae9006f5fb5ef68f20a722c65013991e67cf5f0,,19.114433,19.19253158569336
2b126ea5bb024433478a7fd337b94393d8b63ec5,,20.24535,20.582151412963867
2b15249f3b83f6fe01814467d510d81d1801a0a7,,19.124187,19.114849090576172
2b662d171444c9314f17accbbb93d6900c961b2a,,18.47349,18.361141204833984
2b9500be29f9104c9d6f667af4c7c08549a3c572,,25.177069,25.133270263671875
2bff5c14e91b82f5478fcdb2009f126533aeca7b,,21.045359,21.244924545288086
2c224b1c432aaa72782a8687fc56d83abd5eaa4c,,24.77076,24.779388427734375
2c5cca5bae4385ad8555a96262f7302488626306,,23.874294,23.356964111328125
2cb1c87ecd2a1cf1ed2be39671f1f84ecbc694c8,,21.524117,21.594158172607422
2cc7211f49d119cfd13b0a8a5d3656a0f8278e01,,23.424435,22.687578201293945
2cf6998f1d4b9796367cd98c488f750492e4191c,,23.94852,24.14407730102539
2d0bd46230b7d4c72b5ff18d819d8371b5455cb4,,21.229156,20.95342445373535
2d2659674fbb3b6f3ed50a5fc12f583f013017af,,22.186146,22.10327911376953
2d27accd7ac62af17b982a00b9ba4f53fcf2ad05,,24.227829,24.068696975708008
2df0648956a32ed9b6711d27fa7925b3a260875a,,30.815142,30.206329345703125
2e1b005910cbd60be47bce4392868a9a60bd2d93,,20.68114,20.643085479736328
2eca71276840d3384d2fc8bf3caeddd2f90000eb,,26.607975,26.552120208740234
2f6598c0cf99c0ebeb029ffac00e8b0041662ce2,,17.787792,17.892995834350586
2f8878a963f3fd1b2c6ad55a255951c44a224b78,,29.057564,28.922008514404297
2fe5f2ad05effe7bf27759fe4407c84fa71e8a4a,,21.474468,21.62651824951172
2ffcb85d6edc5dc944e9adbeb4953326a567b9fe,,26.217854,26.059528350830078
3018d348d7472b183c522291d93f63ff7b690c57,,21.065044,21.10161781311035
305fa9c3ae5dce18cbdf01d02c9d56aa42d4e558,,21.098122,20.74512481689453
306c8947dd78973fa9c485c9d63b396113d6e10e,,24.46447,24.32206153869629
30d1d0b81bc94e8830516edd93f3e1eedfbb30fd,,22.426403,22.500865936279297
30e6004ba707516794d33fb9cc7fbb7360972009,,19.160255,19.819719314575195
332097f7748d524bb29fb78fa6a0511e14729495,,28.546902,28.988676071166992
335d3c4304aeb5b29597d6cacf96653236d4ca7e,,25.748886,25.350788116455078
33a0cd718bbb22ca79e32f5a8127d6c0674f8f90,,24.415997,24.1335506439209
33c2ffb222e09537d0f9b139e730a8c56d84afc2,,26.275532,25.897016525268555
340c6c2abad6db6313de7e8fd3365c21b9f7d270,,21.496925,21.549711227416992
344f0c221a41779a17ac47942f5c561926a0d68a,,22.53084,22.659809112548828
34942e34bab3d2758bdae2220b5a61415bb971c5,,18.072119,18.220693588256836
34aeff7c6875e3fce6dc60a13a49e0887fe8499f,,23.727892,23.510704040527344
34b2ba525d7671e3e946009997cfda83a1d62bf3,,23.360535,23.33378791809082
34d1fbd034ba61434c70fd705aaa2c159f33a7da,,21.33092,21.383703231811523
34ec75347be19c6c6c96964fac95fc4779df72a2,,19.896105,20.16139793395996
3585f84546a64323188e32b78e5e90f994fd2373,,23.907219,24.031539916992188
35a1eea51015e1ab2f9028b075fecced3f9fb07b,,21.392897,21.659698486328125
35a4308d930126a47ab71bf2477bc6aa3242793f,,20.70179,20.661991119384766
35c092fb97fbf3ec12f6af784219bcdff24d8348,,27.19271,26.96640396118164
35fe53d1aeabe1ad8f1b81f4b142f078c04ff92e,,27.312702,26.410980224609375
36437d07964e85f166e3171cf2577ef001e59a27,,23.3662,23.26801300048828
3644c12a697c0ec0702822979705dc234fdc7d28,,21.725561,21.499059677124023
365692b8372e9beb830286ff425541ef485187f1,,24.24505,24.861347198486328
36b1ca6783cb632c13a44a26e264de3e00ee3df8,,23.373192,23.547401428222656
36eb3ffea9487d079a21169dabd927dd9fbc2f15,,19.0988,18.971460342407227
370d04e277023f11a6a8bd8e772a8243908ca147,,24.782057,24.780574798583984
3714c86974705328cf89d0057a1f35f308e3cf4c,,21.81794,21.735107421875
3720e99404c75bbb7128ee940bc77ecb39183f1c,,19.62637,19.83269691467285
372a4c614aa93247d34426563af02e41372cba6c,,21.294518,21.21161460876465
374717e48929801328dae4111dfc3ed1036409b1,,20.918858,20.82318115234375
37c86f29d27e1348db6891a82c50610af9a97074,,21.892462,22.093521118164062
37d9c4fca0213eaec9ea5cd58ade1cd58a006927,,25.038372,24.35211944580078
37efeb5f1bd131a60fafc3a2fe7ec5c607ddda3a,,24.747755,24.470701217651367
381826a99d64b2704ce5f46a8b3e3f3043f96c85,,22.245142,22.055599212646484
382ad81d92732ad3f63a69f4861eeb87a8cc4ef7,,23.806309,23.644168853759766
38799c4919ddbdc8397c272e795a546144e7b8d4,,23.00333,22.739925384521484
38814f8c0dce21d10e74be220566cc486e195291,,24.645237,24.126201629638672
38b2db8fe103ea4839e38ce828cbb1441dca7844,,23.815172,23.37802505493164
391633f8b954a4c396369d813512a3a5830607d9,,21.583517,21.44282341003418
39968f515f5df08d3f0ac4a1919274744a43508a,,21.551687,21.72682762145996
3a01d0f73cff38130b4296f32bfd6a411058c3cf,,23.97238,23.85250473022461
3a2c85609ed43770dcc7fe08ca1929e433a398d0,,24.635275,24.95530128479004
3b09681b9550b67b565fc241889234cd57f5e79c,,25.2304,24.66375160217285
3c05450340285db09fff9200de630f9804d3881c,,31.17252,36.76504898071289
3c0801c6e1e3caebbed08eeadb452ccd3d9df80c,,21.556725,21.30894660949707
3c0930a5904768dde21913efd1948886e24598ab,,23.930185,24.049842834472656
3c09921871aba429bb67a30dcc1938ecc6a7e668,,20.14864,20.01899528503418
3c0d507b1344b25f25ae2d82ada88ba2ef392a4e,,24.85634,24.920541763305664
3c23f991559b205799ecc3919e50e0ba44ffce10,,22.247185,22.187103271484375
3c6d7ffc388acde8ea4814d617667f10dafe98fa,,20.633636,20.55412483215332
3c7b63b052918f35d1618ce9497941d7b387ce34,,28.111494,28.43134880065918
3c94e1c45d02226676d791b5895876ae2dc72562,,21.67936,20.778202056884766
3c9c334a5622d742bcbaacdc7fd1ecc16e3af259,,20.193338,20.19162940979004
3caab01b6a4712047b2499ceb7d4c670fe908090,,23.484379,23.805614471435547
3dc4a48d43e113cf257da259fd06b2aa4ed33a38,,23.300327,23.041688919067383
3dfe41e525c13844ae2bf9408d2553ab0a9ce2d4,,24.416273,24.424352645874023
3e4fbc396f1d496c59fdd86c6bb74432df648429,,25.721867,25.01388931274414
3e7d552cdf64fdc42b1c91344d2ad8ad29ee0ad2,,22.49099,22.205764770507812
3e801ce9abac2913f6430b584e9b0a90b8ea6035,,25.750484,25.339862823486328
3e8e8ecfc3aa90b456d7fefaa190d1d5171fa9f2,,22.322063,22.552749633789062
3eb551dbef9ab2162476237e0bd8c3cde0f7b12d,,24.754272,24.7381591796875
3ed2a747793c6a908be9d07bf4998e5c9f53a2f1,,27.713829,27.408525466918945
3f0f535d435c8a7c4a79a3706d45da37de929988,,23.573242,23.690948486328125
3f1a0a4f65f5358fcb457b13f5f1edf1250b72a2,,25.203306,25.534048080444336
3f200090caa1f6856de582420fa930feafe93ef6,,25.431387,25.223499298095703
3f2cd335974b90c6b28ec14fd4942f0ab48514f2,,23.274076,23.455486297607422
3f5104af8401f6fad4c5a20b3b8bbe165ced4adc,,18.042133,17.88213348388672
3f5f8f71d06408fbe1ca4a8d6dcd811478f79a0e,,24.957329,24.810571670532227
3f6acfacc953854e4feba3b9fd329454099a0e6d,,17.318092,17.502670288085938
3f843f75aae2a8225e5ea0d16982653471a9d599,,27.22782,27.011240005493164
3fb755fd3eb82e61a131939d331878c02ef0b929,,20.975275,21.212059020996094
3fca8303d042e32c1bc36e8d6a4f7675daca4c55,,24.250612,24.31515884399414
3ffc48a37a3b88ec709ffde3d7ea48e855ed5d62,,25.281736,24.99103355407715
40140e8598fd41b22cfb0678b200ac115da9ebc7,,21.241089,21.313732147216797
408f5917ff5760976d7aa6ecf522ca0113500d9e,,25.520073,26.656932830810547
40ee372a3f399ba1d77f2a5cfa0151cf60fa29d0,,25.113987,24.396841049194336
41a5edb383609bf8255bd323c0217f8f6e1173db,,24.611359,24.240514755249023
41dd644c2155ac93369a83b8d17236dc64731929,,23.954144,23.972049713134766
422482aff336df60fe0a04322dfac689e0a32edb,,22.631325,22.820711135864258
426e254e62876208f72d24b336dbca3f5542ca6a,,24.309284,24.27642822265625
42e7eea7aa489e25ac5ca306c6fd9d87b8f0c514,,20.829834,20.828754425048828
433ce1d75e1680b9ff0620bd389aeae0c9ed531c,,25.013601,24.661235809326172
44007afef827c6c1b457542c4b79936cea2a99b1,,22.283607,22.364734649658203
44454d85ecb7568691123d52539ff9dc5d15b338,,23.702402,23.637495040893555
44591814ce674c53f5f42a5248124f679527be0c,,22.947197,23.162704467773438
44808b1a97ff5aca96b34c1d7c4d0f98d14b168b,,22.027979,21.719982147216797
44dfea98b8fdf0eff3b376ec2c5bb897cec3c41d,,18.751095,18.889497756958008
450bde785d3344441252c2c70d9c7015abf0fcea,,22.269201,22.228059768676758
45253c844dc198b84cdb583c55b4fcf4b29dabd2,,21.341408,21.180116653442383
45782462f654e16f167464307e0f4bedf0a76bb8,,25.148514,24.649181365966797
458570411855c227ff09bf9efeba2694fb31d9aa,,24.593182,24.146976470947266
45b7e98300106cd2459f53590db0e1ce27f560db,,24.576065,24.40038299560547
45f3daeecc73b620309e27228d2b5b83c6211ec1,,30.06728,29.625476837158203
45fdf1db79414f5ea45b5cbca58aca7e1edfb04d,,23.848095,24.13388442993164
4667c24ffba11dc6a9e5f46fb9807a5622536811,,23.207218,23.370332717895508
46a2c53c35ac282e34e2ade4d9d586329d8661d7,,25.278992,24.665193557739258
46a8cc9cb1556cbe2535584032612e2aab04a719,,24.0432,23.881452560424805
47cb61e20c3bf40125633444fd90e7a182fe8d74,,18.055021,17.965351104736328
4842e712536ba17c713446e6e6438ad8c55b7d7d,,24.9889,25.333356857299805
4856807ac00ba2c1ad8de5f22888f5cc65a14b80,,26.173895,26.20396614074707
487d87b013e7f8e1d10dcd153af49950f538f89c,,22.62358,22.416759490966797
48cccc58b0bca4b653cac925b177d672d64463c4,,21.140602,21.18941879272461
494848d82ffc01ec0e6ea236e5b871f2865c2aaa,,27.790678,26.790372848510742
495c2a49784d025e2bdbefd6b286602b9e8671fd,,23.244202,23.20110511779785
49ab9407a9b58828c3cddb9f7341ef7d88f799d7,,26.30231,26.36056900024414
4aa572c2b7d96b9d392d12c2fc267f85961551a2,,29.057522,28.518375396728516
4aacb83dec34b250dc72928dcf7138494de32522,,23.271324,23.183414459228516
4abebee7775128961086af0498cc4ab36c307361,,24.669556,22.936220169067383
4afc01198d06151325111a5a8fcceaedd0524763,,19.85959,20.157764434814453
4b29f288b604630fca8f52c47bec316cc81a96e7,,20.431324,20.275564193725586
4b758ddc6f80e264dd65b343430c49f1b137a2ef,,24.602125,24.514196395874023
4bb6b82f8ee4534d5f69259231d324a8b3f59214,,23.261023,23.524433135986328
4c7b172c0263c4a807f2d5c8b869c23d2c489697,,19.844349,19.7271671295166
4cf8d4a5804ff9df882c44e9f18e96d7271acb1b,,21.96035,22.191083908081055
4d045efa705b46251c054fdb6bcc8bce6647b855,,27.165354,27.841835021972656
4d45b6cce2155e0089f32f9550ac7020ae7bc2e1,,23.125658,23.804147720336914
4d6e89ac50b9bb42d1708a753c66a9c9dcc4c656,,24.38854,24.375198364257812
4d77e0b68ec53a14f35d304df2473c97add14230,,24.356897,22.143056869506836
4d7e5b5f81b7df2801013925fbfa299254a0acdd,,22.234041,22.38629150390625
4d812c5bca68f71bdd5b370a8be3a5c544aec741,,22.63691,22.44391632080078
4d8429f68a070dc760312db7afb375006851af13,,25.630669,25.709686279296875
4db0c62dc536ac183c7d7036a560a82e614c00f2,,21.883184,21.681575775146484
4e7845781d453086107eeda062336c297630b653,,23.69331,23.484994888305664
4e78d5afb038564892a1cd171142925615ee2439,,21.43719,21.226646423339844
4f4ecf01280b96b8094e31ddbd7fe468802f0581,,23.008972,23.14061737060547
4f57576a61a0caca831452a442ff4ddd4aaab164,,23.322777,22.95118522644043
4f64795d514287a6cded00054a4d79677287b6fa,,21.768559,21.92144203186035
4fb1bd719fdf3e085b41fac44b2ff23bdf2d7250,,23.402788,22.512523651123047
4fd42b30eb0172ef3d051d378dd43d8e7b853958,,21.98333,21.937957763671875
4fd9376a8084b6a20d38813713d1da3f0b21e177,,24.4053,24.52193260192871
4fda5c34bfc287efc68abe66e6236a652e5acf1c,,28.611446,28.859169006347656
51053b4f0db606e1310b3a2c2cbd0a130aa8e16a,,23.161356,22.92925262451172
5183b666ad1a12f48f033ff7aa024dd7476dc434,,20.01799,19.812702178955078
523a21250d1ff43d356e42d37f501f3a77fe9dfc,,23.468401,27.85599136352539
5249e0be92cbb7a24a2a3604077c2faf2304869d,,25.287868,25.265445709228516
5296f727f00a6f98b7542b767fe7a25614f97333,,22.448595,22.446271896362305
529bb08b209f976db1dd09a228c793290aedfe99,,21.536036,21.306169509887695
52f26ae468f38d021453c2a086b964bd9e517c99,,30.53853,29.873428344726562
538624f3c58a5fe2b18a14cc45468ba80e6fb91c,,29.929878,29.59345817565918
53d798f36b2e60d1380693711d4b9807b31b0a92,,25.208471,25.461669921875
54285d8d1ba4a7bd843b08306e3f430348f48881,,22.880678,22.448238372802734
5468539d1e7a6b146bf81136e7fa37cb0dab68e5,,21.48963,21.540218353271484
54a19e544f9de4a637986fba817d8379ef551cf8,,22.038355,22.24858856201172
54c05209def1771b6347045b6e3e14bac794e279,,18.916227,19.055227279663086
5575a7d1b2eaaaf2b8d5ac06d36cbdb6c044741b,,25.380909,25.01676368713379
557c1153ad4084091849e5b20b229f74b512b08a,,20.65746,19.810325622558594
55a4296d367357ec938ffce952732f61c9960e56,,24.002989,23.481517791748047
55ff923ed16f5fe6dd00ada6f84b15c99d69d447,,26.9983,26.768016815185547
5650b7104cbcdeaf02cafb58aa9a67fdb9f0e042,,23.79103,23.088396072387695
566e75c816a7a47a6f195d0b795854d9939811c5,,22.240612,22.022289276123047
56b2a29c1729de97ffcdd8baf2a78e54c355fa91,,23.563509,23.566808700561523
56b89cbd99c28dd7cc8cb55be21c724fd77ada31,,21.032248,20.738000869750977
56cc360c5899b21388dd19960da65e9aec26ff18,,24.753973,24.21015739440918
56d91c46b0dd0a23a1a43d63087508a597e54620,,22.941568,23.253355026245117
56fc0025d0badb4e8eb50a74da6ab69363720c6c,,20.590076,20.445911407470703
5791a08fc5c8917b97b811ba01f7b3674d40f5b7,,22.942755,22.688446044921875
57bdfbb691f7b30fd26493b1c606582cd079f6fd,,29.16209,28.971450805664062
57ee8175cd5988ec8d8c6992dfd282573b9f247d,,21.8167,21.63886260986328
582a3c8469c949f7a38cf03510fc34bcd5cb7eac,,21.192642,21.4907283782959
587915a20cb6691ce843c328b8d751f57e57a586,,28.658173,28.755319595336914
5891f496935b10759ee736f80340b97855e88b98,,25.232647,24.952537536621094
5906aefa5bcf73b1049d4c32f79f66bc6a1406da,,21.340027,21.362009048461914
592433ff38eb07ec20e09cec2ce588ddb4aea2ba,,22.662678,23.0051212310791
5941796cbf2a36118035cf249ba2eb13000de710,,24.652573,24.42121124267578
598d2871840516b2754b0d4bfa67b9683955a88a,,22.838089,22.667449951171875
59e9ae34ba7972ddf9f7821761c5b8df5f85cd32,,24.346714,24.185401916503906
59f34966173615f60557cace5cfba4012aef8ce8,,23.01258,22.825485229492188
5a5fd1f625b23168e7145512c2da91d3a56acdf6,,21.749117,21.644926071166992
5a94851a919e6bd6aa81e4e8b788a452f39ca2d1,,23.438894,23.50552749633789
5a98e3ef010027b3d8ce8b68542d0ce9b926265d,,22.819897,22.77962875366211
5abbb0e5a6d606659c3eec6b324bb7e069fd8815,,20.98278,21.198078155517578
5aca531f67f4677fa7806f13b01df002fc3a1db0,,21.985628,22.095277786254883
5ad65870fcc2d9b33c2da8022c27fe7e14d74cca,,26.510038,26.34378433227539
5b228e1dbe2260f2388b3814855d09db57b5750d,,22.311394,22.353511810302734
5b443f0f499d550606239c8db663c8273f5c8799,,21.663912,21.187707901000977
5c208facbc53420205ed608ac2248dcba15d9da8,,26.396235,26.14742088317871
5c3640a0dec301e50d73c980c138f5770d33282e,,21.50323,21.490100860595703
5c79709dd684105d424a8e35499d9412248bcc38,,21.619337,21.42782211303711
5cb019e15c6270661ed1ed49b708181710b0a006,,22.209534,22.3807315826416
5d0c8464fd83f8327fe07dace4c839b3e389d6d3,,22.896408,22.706592559814453
5de2412f82d306f9025214a76495dc6327a5b177,,22.832335,21.885334014892578
5df8e73cf678104ab0e5bfbbc1d8ec5bb905df96,,23.390804,23.041019439697266
5e1c14bf00eb2c70ed7a543f5a69a78a460c5b99,,22.965982,22.6694278717041
5e2e1d015f1285ecaa22fb503c2af66dd41683ae,,25.711327,25.64162826538086
5e3582dce0e72da883c87fe006ca0a9759e42e40,,21.806204,22.031795501708984
5e3e90cfa6d5abb8bf877d7e1e69fe6312c7271c,,25.092655,25.17413902282715
5e8af542c06b70c8daf05a5e2007b822e0570379,,29.335096,100.0
5ede57cb7bebd517cb50cef41cfe5b39f8451d2e,,20.367077,20.328712463378906
5f8f946609a1bc0f2d4501c819f8b93542c62575,,25.213224,24.746912002563477
5fd415ce9e7c0f7fae9395566a06f9c0fd0958a1,,21.181528,21.298580169677734
603bfec1c157f1a5745d9417b49216eba962e421,,24.690136,24.804460525512695
60aeb3c4f3b6a25943d30cd5451c7311ef336f93,,22.219635,22.45393943786621
60ebd069ce9246dd0f61fab3112d1e79fd35ab0a,,25.67138,25.37411117553711
60f5f47bfa2673b0b674c8a7cc9d25673733d834,,24.775452,24.873123168945312
6157625e8bec4c4d946581073b83a57e140ee556,,20.352654,20.105300903320312
61e0e39f51f761f8de8a2ad7ab9c0d90e20bf8d8,,24.486788,24.727916717529297
623eb745672614a4e48f5fc101301b104081a129,,24.604973,23.837310791015625
63322a74be16372eeb4c79a5645006c1aa232bec,,20.01776,20.282690048217773
64082a686e590eff2625794b1925252ae7bd93a0,,26.911594,26.966083526611328
6423ff8cd4ab2b5958f48bc5195f4f841714a870,,24.790115,24.72934913635254
6441a901ff944fee38d8d1b11d3302ffccb1d5c4,,24.468859,24.143856048583984
6495fe17243332d96c8aea6e412c9986d68e059c,,27.99411,27.384836196899414
64b24a1c938fbd1be63af4f7b50893242a684baa,,22.167513,21.93448257446289
64c33e2f30aaf6a22d6f59461e1e953cead68423,,22.91313,22.696002960205078
6551da31e10b4f9f4439b0ea3e302534dc5101d1,,17.744083,17.904293060302734
65a3ad7ce6ab17c5ae7ed87916cdf66353ffd699,,24.066927,23.575519561767578
65fb1ef1f0948d2be289788fe8de68c830d54a6f,,22.834427,22.685466766357422
66697210fba7e9f37413e66b3ee533a125315ee8,,22.816051,22.65934944152832
66f079329e4f72adb1a7f178a1a4ea8b6558a8f8,,21.344345,21.054500579833984
670128133094740a783c651d3a6d4fc29fe39271,,21.661514,20.890804290771484
6717b965087b695305a07846fc25a964668a85a5,,26.674896,26.738311767578125
67314670c362c29ece1d3789dfa2f27225790447,,22.42339,22.083215713500977
674e4969e4ae26bbc7ac72e3534e0dbe5680d732,,29.844254,29.824302673339844
6752657bcd18c70373c833c5aebe719c3cdec54a,,23.93354,24.23497772216797
675e68514f3cf4492098adc1a47a0b53938a66e6,,27.952854,27.686050415039062
6796985cde93043f380d682ba401da6310e6c635,,23.376513,22.87934112548828
67b3c6132c7b2653aa7130e29d8ba25582d6d4db,,25.928535,25.615312576293945
67d06d030f4bc9924a98443716df376d9b35d112,,23.084211,23.18876075744629
67f8844d685f71ebf6e3b3618456ef9a0fbe0a78,,23.11856,22.757102966308594
6860829a35591244095e2de3df398ca489c01e96,,22.228065,22.1729679107666
687bd3f6e0478a8409170112d67c3cf33bb40902,,22.901062,22.911685943603516
6990ec1f93fa03b79a87ada722e9f3fb5d80f593,,25.02434,24.520252227783203
69bca19b87ecdfdbbffef41275009d63ca5a7308,,27.77755,26.959726333618164
69e90722c4808294e5a5e31a01d3cfcf9ef4b9b2,,26.813671,26.294557571411133
69f88865923527c05c5ed5316a51c779957de722,,18.543972,18.43524742126465
6a4d85a7b2179c68984599ae330d9c142ded087b,,21.296124,21.36876106262207
6a718eccb35dc187fe27532a1b6fe64b61544afa,,23.163383,22.948806762695312
6b1fd2fd6d235741b0e3b31a57c52b8292bbb00c,,21.2621,20.95115852355957
6b9acf6e0de19b4d377df62d426a20b00874198d,,26.843826,26.45174217224121
6bc196f8d43a22e688bff83585f6766ffd8a301f,,24.113213,23.75589370727539
6bf44cd1c5db0f14e2be1d969b4de592bb1dd9f0,,24.10753,24.120521545410156
6c7e6a7389934882752a6c756e800a27c0529fe6,,22.796791,22.535551071166992
6cb148871e75904da115899b4406b760459876c7,,19.665253,19.647258758544922
6d530d128013770e226fc4e370027e19d781bec1,,26.705952,26.870948791503906
6d5cb1c19918da726301868ca6489726f2f4be70,,22.648415,22.92557144165039
6e3ce2c7b9a35172995fe5a918628597d42871f5,,23.271816,23.032855987548828
6ea48c4c176518d06d7b0a3f24a50ca0cbaae8cb,,23.013525,22.84580421447754
6eb00c428cfec86b8ad2f50d847fd0aafb534104,,22.927502,22.754928588867188
6f085e8153c06c0ec5796626f25ca3ebdeb1e623,,24.946941,24.948558807373047
6f0bab7c409b5ff8679d38935f63e9b8b9af2621,,27.668276,27.122657775878906
6f5fc6197040d7ea2db564aec449c617c298f7dc,,23.950823,24.004552841186523
6fcca5f73881240c820151ca648d4b57caea9114,,26.4316,25.88618278503418
6fd519b96a834c42218fbe52a2bbee858faff4d6,,26.43696,26.602664947509766
6ff80f584a8e1b4c507506c4d481659fbe4bc86c,,24.05262,24.112648010253906
6ff8266f6ee251673ae4db140e52844e967952bb,,23.057407,22.49901008605957
700e6f1125279fab1f5de7dc842d7af6e2ef1af6,,21.12167,20.801179885864258
7018308c952f48b94f74f72bc99a4d46721ef12b,,22.14572,21.364063262939453
707f43d94a7f92d9226ddae91a1fe4e13f4a3004,,23.97294,23.961978912353516
71e36b9511135018c3054578604b4662e74170ec,,20.281288,19.945547103881836
720ea965b24f6759453c793fe0943be11bb05c87,,18.916298,18.868711471557617
72b2da48af42d3f2f701db9442b72399cd50367c,,21.781664,21.319711685180664
72ff17d45604c876cdfab146de974d884dc73891,,24.466396,24.132003784179688
73137455a5c9ad14244bac614d309732690b7f16,,21.55104,21.56363296508789
734ac7a2c6d312273a33449f2b00408407ba529e,,26.989822,27.32756805419922
73cacfc86728890a00c05c18424171dcf79ef61e,,19.409264,19.61585235595703
7411b7761d1bbc70eb27b59332f7b85f4ecaa0eb,,26.631496,26.368791580200195
7510abbf328c25867a490ec5582c8b2238640cca,,27.350197,27.34374237060547
7523ad4333954c7632989519c50598cf138bceb0,,22.578026,22.241060256958008
75d2b47a1e1add1b5a82977db7a3eeac41249ae1,,19.052233,19.1444034576416
75d9d388f77fc6ef4c785e2611a5d905e883e6f9,,23.567299,23.898475646972656
75e456d63de9a9294618012305f5e73ccfbf5920,,19.589046,19.085086822509766
7635a54058341ffee1d798696590d53a85a95588,,23.19151,22.804052352905273
765095f85b381d0ccc5dfee627d96b2bd9c61f04,,21.614742,21.650619506835938
769a4fcf72edbd48f26827cc23d510e05007d851,,21.537981,21.249893188476562
76acf9675d38fdf70d2f9b554c232d780ea83208,,24.012276,24.09641456604004
76d7667fa6857ebcc60f9333fe3435403ddf2e1c,,24.693695,25.019243240356445
76eaee3e93071df6cac9f95d547111a62f946b26,,26.978952,26.95063018798828
76f61b7e56b41ec5ae4e3ae002143146c711c769,,21.110603,20.656545639038086
770384ea6edda0476fce6ea087c17818844e0f9b,,25.411463,24.99164581298828
770a88ca78ed0f4ca875a115358ca5fd2754f93e,,24.870441,24.352771759033203
770c762184ab23a162d0700ccc65a773e85696e1,,22.05893,21.929176330566406
7719b05b0a719fd7adc3f8cb0b49c7d720fab811,,19.55083,19.112499237060547
773bfeaab993cb5cebca6b7e138cfba556674491,,21.215868,21.410654067993164
77718b5a4878af56e1e69988d031fc113791a552,,26.08515,26.33971405029297
777301f951a15f340f19587be055b552b381ee52,,27.992117,27.53767204284668
778a50a3794bbcb797f2a3b6135b65c2068ccc56,,23.254547,23.128524780273438
778b9ad21b5af61aff1a8179fb175f6f0045690e,,20.443432,20.40595245361328
77f42dcc35095aa101dfce6402b9f01d85667efe,,23.154224,22.41075325012207
781c9387b57dd912b44895c567e6c009e4c8bc13,,20.38834,20.109872817993164
793d2c4fde08610872b4409ead4b3925ab3ed6da,,23.26915,23.21098518371582
799393a8fd16e9cacaae462813fe98eb864dec3a,,20.49814,19.525733947753906
79a42b22640111c5411dd538cbb673037969d137,,27.163338,27.001144409179688
79f0eefe44a9c30b7ba34d1ffb2fd83d072b1048,,17.728218,17.667964935302734
7a2c4f59d0d6addc1d65f1b0c4dc48332a4fef23,,21.864166,21.814462661743164
7a3147882ff2bd407a96c134eda23c07add41316,,23.906403,24.00987434387207
7a9ccb205f935f81a13530cf65cb0416d917da7d,,25.06702,24.865272521972656
7ad45f12d5a922c13ec7a8209c9bffb1f17e1675,,22.351381,22.460615158081055
7af03ebb28106708c510e223dd7a6e53f424de1f,,35.370415,34.756752014160156
7bbd2de631b7fba7f90c049430c8b97a30b629d0,,21.160309,20.999401092529297
7c6821d20af71c59ab45f748eaf8216a4a646c81,,20.852339,20.935895919799805
7cb528fd2f9a1b6bfe767877be5c733c13b1e0f8,,20.94,20.47313690185547
7d1bd780b2035e047b3861a34a022c4c2e1c4d0b,,24.055542,23.97173309326172
7d59d71397ae5837cd410a5c71eb37dd490b9194,,20.703022,20.815343856811523
7dbad7ba9213cae24128253133bd4ac3dbeb7292,,20.936886,20.909889221191406
7def20b0dfa2b558f998e0c708e91e22c4e4de06,,22.179829,21.662113189697266
7e32e25d16f092d029281951c6d60da04fbc9e16,,24.609169,24.439908981323242
7ec5017dd4990eed44dfa5740322fb8693258b3c,,25.685904,25.87285804748535
7ee15424df510e130f58e40a3293b79d2f3af611,,21.580297,21.497997283935547
7f2213ab39c01ff714f923578458662fba5509ff,,23.237686,23.51606559753418
7f22cea795318dab30635f080b5cb72cdfc59b85,,17.792322,17.637502670288086
7f9952a437493c61df1600da0d4b090f8a39e5a7,,24.870773,25.01694107055664
7fb65443b558fc6a9e3b744057f592b50854f4ad,,20.87445,20.829757690429688
7fc736064371c4c985c57df198276c536c25f3e2,,24.385834,24.01062774658203
7ffc8304961d6acc64b7316198c89627c03cbe2a,,26.379244,26.52088165283203
800e52f6921e507586b036eac0b48f76119a4664,,20.006533,20.07034683227539
801eeddfcc5635427ff91603aeb9b79b98df3a41,,22.54625,22.698123931884766
806aaa08f7972a1646c95ab96905ee2f04be4119,,22.106213,22.03281021118164
808df6c0ac5da0af1d9b97dc4256d3b10a2b1f45,,21.170082,21.45261001586914
8118b61b60b3c1bdbad7da11d9fac8261a9a136a,,27.065327,26.400318145751953
81558f05b54cba5ee7916d06a956eef0f80d1b2e,,24.121925,24.28523826599121
8192a5d123ea9d3fc6ae45592ba2451df487c280,,21.757357,21.86971664428711
819d71a84c0a1023e30a51de90a1795c032afacd,,21.089664,20.90581512451172
82028e9be46a7e7614ca494a8d6daeedc5692a5c,,17.192423,17.11937713623047
8213146b3fcfb38e47472a75edcb2c52f52ce59d,,25.72549,25.952133178710938
827c5b45b98538ef1488cd6de0d40060338a27bc,,22.034246,21.974031448364258
8300814357d1fa16c6c1f094b046c7dcce1fc382,,24.278587,24.924936294555664
830499470ece90d6f1ad5403a15a0b1c3552359d,,28.450237,28.261354446411133
832a6cd78ab73a8dacd332cc5c726f36fbb94ca7,,21.51267,21.651288986206055
83b3ffea83abae37862a34eb0e494b524ad14973,,21.178928,21.224552154541016
83c5cf82769c21a989c2e592920847943bc7f434,,20.18766,20.189247131347656
83f6a7524b4d2d1a9ec0951d4a79900e712209a3,,29.163734,29.197315216064453
843a53af3a3362722ddcbbd3e1e66867a3d97b73,,27.294912,27.364290237426758
844bf57243e1457172a8424164b28af49d673676,,19.78952,19.59846305847168
8465ac1ccc27a0c896ae4314b1e2d392831cf070,,24.805624,24.83124542236328
846813de91695cd7c0b7071b24a1c94e8bdaa3a7,,25.073118,25.28693199157715
84bd64f625e8ddc05208228e7c1c421f94934fd2,,25.898792,26.430513381958008
84beed3791e589634a2f0226c4a50c7a4cf64105,,24.313356,24.22995376586914
84e3ca67fbaf68f6517d9f1cebdafde2fe826d5f,,17.417606,17.43158721923828
858227ad90845b84e42f30f9f1985e7ce61d3290,,25.884613,25.945606231689453
85a97f10f7d64356d644eeb6aa5facfb08d78061,,20.548054,20.541988372802734
85ad74620347b8c2e4443bc72afa592f29103717,,22.257362,22.39833641052246
86122db20f4370ec96524afd2153e76ca389e76c,,19.088133,18.662084579467773
86518f88e581472e46497f890d81cb650870a2ba,,21.249207,21.26739501953125
871f3baede7d6cdf52f095d5477db360214052da,,23.249151,23.226802825927734
878f9bdaa1b8d927ad8ef9c1492626faab991d2f,,19.601088,19.740909576416016
87f75972fa03771bec43dcc480e1ca664ee81d4b,,21.57918,21.403263092041016
87f9876f3e07be148fdb90b4062ec1e07cc9aac2,,22.134277,22.400634765625
8956bd6654dbe569c56e4f4a9943445c8b65a223,,21.317589,20.920400619506836
896dfe187dc9e5c5342d13498ea91c4b59449c39,,25.82661,26.10576629638672
899177b252c2567136f161b948b97e296b88096b,,21.21483,21.489456176757812
89c8684b1412d316b399fd7020b2298b7f283905,,23.990307,24.054676055908203
89cd797a8900a7054302ecadd6d2e15030a8fb49,,20.338375,19.942514419555664
89f90bdac4a55a383d2064d14276f870e20e1793,,27.572334,27.857040405273438
8a42600fbb3f8dc2fe1ad126327a655c07e3d1d7,,24.592503,23.700313568115234
8ab57e25016abddfc1720c472d6b00b325cb2557,,29.168835,29.250268936157227
8b1ebdec0cbb92111c2547c6caa4839af9511d37,,22.345016,22.198863983154297
8b6ae04405ca20e4660e31cbffd94fe8703a3b1e,,22.099436,22.182710647583008
8c07bd6073977858089a5289db23a2051b9896fa,,17.831656,17.794349670410156
8c15e0f4e4921cd4aaabee122f402585b402376d,,22.146643,21.826154708862305
8c58ca20028b638433757b8997f766d93f0e3cff,,23.421417,23.68340492248535
8cbba25c2f011b04eb65b0a922811b26f1210663,,24.527973,24.2159366607666
8cf3f9f8dc7ac81ad2ec4e0c5aa7de300319e2fd,,22.019026,21.558731079101562
8d2fdc93339c950d962dafb69e11aca307fdc952,,23.079512,23.173362731933594
8d3e7d0299661ad6de9b6ebda8bc89c684f814b1,,23.350351,22.812211990356445
8dcafc523caef6c14e5a69d124274f818859a449,,28.073294,28.120994567871094
8e12f944ec7980f9e5bdf6d133ca37210de84697,,16.567692,16.539709091186523
8e1d20b96b562a896d3cbd576c7fd5156dd2fb19,,23.38231,23.858142852783203
8e4f19d4071da20c94bf7d76cf87929fffec5640,,22.482712,22.165912628173828
8ed713f6ca29241eb785a675dff709e4dba21737,,17.74923,17.860151290893555
8ee1e69d527b57177817300581975971b46bed78,,29.122179,28.577661514282227
8ee8c1a14de516d29e2ec1b76330d3f86cf6c727,,20.225124,19.93654441833496
8f51687dbda89bc6b94e1d96e83e8d9b6d3f7b9b,,22.734287,21.784990310668945
8f8108853b8d262062fa3441d7d3cc8a0876d338,,23.531675,23.47824478149414
8fcd1e81c6a5b0b5a7d5a14e33ebbd167be01d3b,,22.170725,22.144084930419922
8fe1a3a233c40497a4b4d8c71ecc3b27539c8176,,21.83908,21.758319854736328
902c73f54fa4d4e89b061d2d87bd19b0dc5f5695,,23.822708,23.990005493164062
90b854f1080d322369df6dfcfe27153659a63fc3,,20.596386,20.349445343017578
90df7a1b156edd4a068bcfb2f16a5595726f8327,,20.454193,20.148845672607422
91717ce407b296450697d297bd7fbac92df9d5aa,,24.91621,23.936979293823242
91729d02ba2bd2f9a0354cf27f8420b08b22328d,,22.472168,22.515010833740234
91a3e47f68f8084f43af26c7c566fb377bbb96b0,,22.139624,22.223873138427734
920356e6793a2178ae773c17d4cb873fcd429927,,16.339457,16.2360897064209
9276017f53ec4e6284287dd603e6cda7a97b73ae,,23.201302,23.04600715637207
92c6f053911d218c81d1a3b79940b7f834374f3e,,22.61555,22.524311065673828
9361c3d34ced42dc06e21c346737479722095427,,21.782495,21.836851119995117
93d2158855ff73324eb472e068308136324c37bf,,26.11683,25.83013343811035
93ed633f9bdc3078ee8d8de7a49cf84da46996cd,,23.434294,23.770374298095703
93fd4efebdc1e7860fb96de626f731231e8e4c36,,23.107985,23.28434944152832
9409d07926eb8199a7d9a936586f4b65318279bd,,18.08366,17.34364128112793
94ef646b3e0e37e60aa3a2ce2fd79ba7e7ae4230,,25.328331,25.21387481689453
9533f8d70ce19535d22770fb00f64a40782fcf0c,,22.342112,22.270729064941406
954a1337cad70d1e04731602d8959ff649037f35,,29.598186,29.08959197998047
958177ef8c6f3d976cd041bd542b529050db0e82,,20.603336,20.445453643798828
958990e5f5a0cd723dbf4645e08d7cc2a3ccf8b2,,20.597755,20.796907424926758
95cb0d0e1822bec26ad6d8d06303a2f21b88d047,,29.59644,29.937976837158203
95cdfd21ce1b1ffa45a45b987fc3665081562c1d,,20.687561,20.869962692260742
96c350d15f7953dc5971d781612040ec94973b36,,23.474064,23.342689514160156
96fffaa369a499da4c38fd4382f673ebb1285102,,26.607494,26.431676864624023
97306eec2fca49a450f6e393af9e66b2b20f6361,,32.853848,32.46783447265625
979f6878279eda2dc94b40bf0104e0e4b6c34caf,,21.196024,21.373001098632812
9811e902ec402f03e1b99a264073eccb1e1e58c3,,22.056446,22.139280319213867
983bd8ea01e3afdb1b5ef7881e072e6f2181c6ea,,28.328457,31.610803604125977
9844ec682a5201f9b63dcffaae668a54ab419fcb,,20.290106,20.482707977294922
985d5eb5f7a96e84b2bc899f760a9ee76c8f40a1,,21.131258,21.097522735595703
98659a03daca8bade4dfdcbd3c33c8cbad2af832,,23.966608,23.035829544067383
987b4279b6a8e27569a920fdfbd07b73887bdbea,,28.7025,28.28763198852539
9931cf9c7e2a67a8cb4c9b4903a60e2af8f7986a,,27.673616,27.347335815429688
99397349472856db82a46cb67cd0b7323a6961b4,,20.376049,19.68121337890625
99681733880134c01d7ed793530018260885e771,,23.412277,23.666168212890625
99a544927db6edceb59eaa587798c9eccbab77f0,,29.682304,29.621095657348633
99b272ae23876c2a554b2b4a5a584bd7cb74d330,,23.879452,23.70419692993164
9a686c5ed491a3f0657c794d4f68b371271186cf,,17.323034,17.401920318603516
9ab3680955b1ce2a0a14c02fd7335a8456550f8d,,23.946758,23.317829132080078
9ab89f64b8d8dc611044eeb7560d458a8871afb2,,24.23506,24.642610549926758
9b787a60ac516e5b1327ebc8185125af8b498326,,21.655252,21.661327362060547
9b906e0eb80cc58650f78262fe1fc29dc719a34b,,25.244442,25.256969451904297
9ba581aa579c1798593f72cec3f50d8a7b7faed5,,23.319132,23.577518463134766
9bab92aadd335774f1aca5a24247d19eb27140b7,,26.275387,26.284687042236328
9c4c9b50bd80892d1b3525fc05ab34c34aadfc45,,19.973133,19.965341567993164
9c50cbf0e844bfa247f4f7fe9fdca4938bf97373,,21.62284,22.04349136352539
9cf64973826474e406cfadab433bf2644a57d552,,19.71504,19.669403076171875
9d0081b5fe07f9709d2952a1774e4268fc080cc6,,21.991365,22.035619735717773
9d10bc457d40e20f1c9c8736d23c4f7f01675e12,,22.765263,22.49075698852539
9d3d8d63769f9c2ba667025e8176d32a2dbc2503,,24.003508,23.563861846923828
9d49d37b3a8d326f12ad0b7dcd4ca3ed4fac04f2,,21.710033,21.006698608398438
9d7fa32b6dd6f87078ae091280e1c650dda3a9fd,,20.316357,20.104921340942383
9d87f3652c443febf325c5b93f0243589b7f827c,,22.303299,22.222660064697266
9d8b8bb8a988f74b1e08fa1c4f3f65b50768d5a8,,27.718678,26.84197425842285
9dae78c6912b98ea92b75d306c730fe86aa3fd61,,25.633488,25.017723083496094
9dd98e4b0fce3b9975b348f2e7e8cbea354a6245,,24.681387,24.661380767822266
9ed9491302dbb43c1bb4b49726ed3d2f05c362e0,,23.804502,23.97894859313965
9eeaab321f5e471f0b4ffd75c4b9d8a0e28cc756,,25.728014,25.455780029296875
9eecf882eb16ed0b126ce16e94339e3fd1f9bff5,,18.95986,18.777835845947266
9f60fb191dfdf6b85213bed5a8a48632542552a4,,24.994099,24.411972045898438
9f86e94687239a4e945064dd03d52366e56da590,,24.488865,24.296615600585938
9fae027b51231ce2c830c714ede4d942c6bd3bdf,,19.821295,19.842845916748047
a083b853d3edda21b193455783e9739afe0498a8,,23.937733,23.974332809448242
a08951f75bfd384741922eb3d49c6758ee1942cf,,20.769257,20.531721115112305
a1a7cc4a80a84231abd2a0787d14ac1ba7e382ef,,24.047195,24.100421905517578
a1f93e7deddea39edef217265ccff8eb414a488a,,21.700687,21.97068977355957
a226241384774f530669e3c91cee7ce4690213df,,21.904585,21.674823760986328
a23a4fe7b597b8803ffc13ae273b5259c8091151,,24.827814,24.035579681396484
a25956c536b45e8982aff1554bd863348bc0f0fb,,23.37856,23.179584503173828
a2712c97e6ec4fb3688f8286cca786e4b5b3fc3e,,26.78649,26.604957580566406
a2872fbfe066c4828420f0547c44b6a7c591bacb,,21.780977,22.076858520507812
a2c22731abe14a9411dbd510c4f7580deb0aa203,,22.73287,22.480451583862305
a3559a45930b10c15928c0ed7eee68f2793e8795,,23.364363,23.872116088867188
a374c62e29272ce1ead5f1a92bbf63573225f781,,28.264164,30.138837814331055
a3829acd4a22e559bf58308cefcba10f4e35a525,,21.214977,21.768644332885742
a3e40a34847be9260e6c7664f9b3311a3c5ece36,,24.576014,24.366832733154297
a4296a9787d52ba832c1996009b8a30ce476be40,,20.51818,20.477867126464844
a4985d9eac282de971dd6378ff89b59a6ed4928a,,23.451777,23.178607940673828
a4a3816397af0f8fed3f914eb5cdf42f5bd7a1df,,26.49122,26.2999267578125
a4b646006f40b62021046ae9eed79f3bb6bfec5f,,26.163504,25.947711944580078
a4fc6d88a0e63fcb5a23fd42db4cbedbd5b6d9b2,,22.528038,22.248096466064453
a55f012debab67d60a44f44515eafd46ac3a1ae4,,29.200108,28.76289176940918
a59f89186c7a378e9e3c5ecbbb515a437334d081,,21.540337,22.007139205932617
a5ff1b88639f34c22dc1d8a4cbd36161b357be8b,,21.10321,20.895915985107422
a62ef5079abcf11d9e1112f18a0eac6f4ce3f748,,23.304918,22.951868057250977
a630fe58f48c8960134b76a9d4fe4c5ee0470a7e,,25.895054,25.88265609741211
a6a82307f9657ac4bc8253cf0ffc57d11688988a,,23.08424,23.0998592376709
a71a188ca5d66289f415efbf7c7c06bb99efc25e,,20.319775,20.080137252807617
a7a7e69c7ecf25dc15cea80259cb4c781c3410a8,,23.634403,23.726337432861328
a7e2eeb1193f4692abbd4aee89d21aca6e783a42,,24.058401,23.54108428955078
a91a9dce20adec8749967beeeccd8ef8b87c8fef,,21.20966,21.030704498291016
a96cc3c1e3ee283fec34b63ff51adaf69c16fa0b,,21.343477,20.715221405029297
a97c336753c23dff09f6e027d14aa12c9a700789,,28.159388,28.169635772705078
aa45801759ecf5b190427eba3e3aeecd3e38b354,,21.493015,20.94865608215332
aa48f88b4bd520d3c1c90f9bf11bfa88006073e5,,20.959965,20.97748565673828
aa7c132a8764672f6a5cb9ebb316490d4ecaec79,,18.316708,18.044925689697266
aa8b098f77bf02d7b61135afc5aa943f37689e0b,,25.626045,25.656742095947266
aab9fea4f66de31fb290a7308dd776a097c65263,,29.679684,29.272357940673828
aacaf29cb95e7871f6a80385da3b5e1ecc74d6ff,,23.510422,22.907756805419922
aaf0de4024c34ec7892d25b49acb2972216e0df0,,25.131336,24.86638069152832
ab37fdc9842492b44adc9ae22f52d14cf495fccd,,27.346966,25.8690185546875
ab564da014a5d17a76ed7265a1d9ead8cf4fbff4,,26.565725,26.502605438232422
ab5f176fd34b682525fed501532ae83b34efe899,,26.53843,26.51028060913086
abdf25f7a675d34b4d680943b727f32da95b645c,,23.338482,23.19573974609375
abf4a9942fd7581d7afb46465620fe93569854af,,19.278381,19.470638275146484
ac149c14b326c82c9831c4f724828a93ff1fb424,,24.2433,23.967205047607422
ae1ffbbeb090c8bacd7677945f990d29fe9ddb69,,22.882092,22.715614318847656
ae67d38084708e2d37a1e1ed4c051291f4ca5b80,,25.746813,25.618362426757812
ae6ffb73156f71414c1e1e80e9e533c4b3905187,,24.048046,24.077388763427734
ae9dde07d46ba2e2d31ea85837343fd845f7b40e,,24.337559,23.93090057373047
af113309c9f8ca32c6aa734cda21cc15aa1f0348,,21.621006,21.711769104003906
af128765a4384af68b1d262598ceb74ec826148f,,28.099144,28.411958694458008
af2049fbad5e96bd7b7b6e0d826329197c05d5e9,,25.296495,24.54806900024414
af2c0e78afedfb6a3fbb4104fa9d58fcc8acf4eb,,23.805124,23.90491485595703
afc8d1c399a27e53a36f3c757a0004af2f8c262e,,25.181255,25.01613998413086
b01ee2fbc2b805a12313a900d5f49dfe76ae5fd8,,22.69969,22.220821380615234
b086be9f7b0fc93f9801f7b7b0ee2f1eef511930,,22.270397,21.4501953125
b08a0d0fb02833a2328836fac7e90c51313d925b,,28.827415,28.601282119750977
b09fac6b0b26d18ace0aa07153f02f0d39a6b774,,23.97209,23.532020568847656
b0e5efd14ded3641ade3a7d59b4c62c8c45e81ed,,23.90717,24.091157913208008
b0f7bdaf658789dab8f3cba43745af2e223d351e,,22.791815,22.590009689331055
b104f4814ba8208451797a705b09aa15745a7235,,21.764338,21.713266372680664
b11163b3ace8fcda59eaf030c0f01d0967c797f7,,20.741194,20.665863037109375
b125280abe9aa093c81bbd99ab06c48722bc1fdc,,19.526737,19.4910888671875
b17680474b0407bf4732db4a6f91a33209837052,,22.481846,22.39990997314453
b1bd1226a0bf83ebddbc03473f96ef2c5ff49c16,,19.430931,19.347841262817383
b205b0673fa45c7c785a5f5d92200b5362e5415d,,20.685957,20.779926300048828
b26ee5410c378c798971e5a278af0420013b9e8b,,23.959436,24.158479690551758
b2b85e1bfe688f0a0f7bec098ff4faced320135d,,23.528618,23.657400131225586
b318c44f3151622f99079374f95199d1a3101661,,26.331112,25.98086929321289
b3b5f3932c0ba4014a93ccb2a0f9ac3101278bff,,24.151476,23.86070442199707
b3dd972a3e69492e77dac308760a654c0eb21a35,,23.503944,23.524017333984375
b47fb2995c8d78f554429946293ed2c177838f89,,27.455568,27.018709182739258
b4aaa153dcfa10e4ee4addedaae9e2fa6c7032d4,,28.151894,28.197277069091797
b507c99abe6367f0af6a45c3e440073f5061e098,,26.92401,27.10879135131836
b59773b5776c3fb33d78bfa8c57ec3628bd82d6d,,19.737495,19.730613708496094
b5fbee2c344156984f0bd96480adf731574038b1,,24.023726,23.656612396240234
b635c5b191111103d78dc2f401ff8e0080371623,,21.962072,21.333314895629883
b643aca05d3e786abb88b6c1609625c186da040c,,27.830627,26.90625762939453
b6440e2c5752591716c276526d15de0875173ab5,,22.562582,22.586042404174805
b745a8a83cf3bac7b5a98157dd12752193be7949,,24.886341,24.97723388671875
b78300bf2c5451101e7858ddddd4d805e4588484,,23.14283,22.77108383178711
b7aaee5d323fa468366fd31dd0f4c2a59d8348b0,,23.638428,23.009876251220703
b7f35a481f8ee6f60a73fcc85201ce1b0b644c1c,,21.085724,21.5328426361084
b85165ba73408f39b5862b161487bcbf00ea8b11,,29.678455,29.433494567871094
b86527750e48ddf4c97a6ef51e6e5843518b7440,,23.376652,23.425769805908203
b88d9f2ba31171b1e734f31aa968c9a05c04747e,,24.025742,23.62177848815918
b8c9e21f73929b7cf86858516d60630107642f98,,21.287184,21.294729232788086
b91dd43fd997861ceca1f793655ed494b4168c1c,,23.221539,23.261564254760742
b9e969506d2b83974d8d9c00a619915a71b0a442,,24.160765,25.98822021484375
bace37d4d2b75aad97c11c05e00f035c93cb84f3,,21.098564,21.301490783691406
bad9115ae3db45e947f5818888b95f8050e59221,,22.459085,23.135337829589844
bae43a63181d40a4ea4539b40736721e1004f4f9,,23.447105,23.18647575378418
bb075696bb5968f81e83adeb0db0c52aa9e11082,,27.531956,27.703676223754883
bb1a9afa157ec5095e392a5792b448e1ee58468a,,27.220308,26.96413230895996
bb75c5f90b4e6d18ba9d2c96c47910eee750ad18,,23.035307,23.164031982421875
bb811838c8403f46b1cf01266e74fdb2084a4f93,,20.14515,19.835596084594727
bbac35248d7a582d44c14f79d0448d8520fc1d1a,,21.929014,21.872928619384766
bbf4ed741f738979927d714c707b7b41d27fe0cf,,20.623972,20.58692741394043
bc21c1356774978947874cec2a38f56964f92a41,,22.378487,21.92207145690918
bc36671db9446a8deab988d0d41f704416ed8e8f,,25.785753,25.858837127685547
bc6f073cb800cc70f31e361f4a39ff1488d875a7,,23.584595,22.874889373779297
bca0ad289e477feea8b0461eb2b26615254d9a53,,25.390877,25.062692642211914
bce0f35214bbd802dc5dbe01248a5c785713828e,,21.952608,21.631929397583008
bd020923a374341ff95972d8e957d01afb06a64d,,21.531563,21.3671875
bd5dcf09610873626ed527a71b7aaa351ee64be3,,21.022797,20.982467651367188
bd806b60aadc6c5a7283ded926b17ab7e7513c26,,20.777584,20.770069122314453
bdb60b5b3b3d2cc8d294f66332b5df09a908a66e,,27.730398,27.69097137451172
bdb9a580631bba0e89f6810c7570e2ea4a05a80e,,19.096128,19.145069122314453
bdb9ede71a403eb9e1e1636f7f662fb0258114e6,,24.75087,24.237804412841797
bdba89cde86bc56c685e48de6c541cef62756a35,,22.723532,22.519893646240234
bdd75e91eff59aa4366a79826578fffedb10f755,,25.66551,25.126733779907227
bde0ac1f404abcb4ea0ac2df3d53b5863497f2f0,,22.44337,22.454856872558594
bf54e19996b254e986935ad7bfbf157c912b620c,,21.89639,21.972169876098633
bf76dd25c8af8380ee417db6af52f1a91a6857d8,,22.895746,22.557954788208008
bf7b74ca6e7165cb4ca73810bae46d7b81a2cea2,,31.293056,31.090953826904297
bf9263804034828793fc8ebad8b34e4b7d8d232f,,26.197626,25.975675582885742
bff2fe35c46a89cc203d667d2de1f191212725d6,,25.565468,26.070213317871094
c00033840a241e1b57bdbd1e9d0829f076c4e558,,24.253933,24.053955078125
c078f662ee332c55d47291feff55519cc0186fea,,23.27047,23.32279396057129
c08eb2528913727e539ae9d34f863b828954b214,,29.96349,29.230674743652344
c0b80edda45c19d77a54a1e8634a81905ba2e22d,,22.127438,22.113515853881836
c0be8ba511b0fcbdac1782ffb0f4b6bc8f474ec2,,25.578777,25.461265563964844
c0bf27c0eb996d555b2a21e88e561ef481006b22,,23.41005,22.97742462158203
c0c74a6ba78097e28b454bcadef058edb1b50ad5,,19.372143,18.77639389038086
c0e3ad8c180690bf422e61005aa8688c8d4a295d,,22.827694,22.97956085205078
c1659ebd45b33416ecf745afcede953f223473df,,20.432062,20.231855392456055
c18c2dc18b2d018e6b9d983b8ca4bee3cc0c18d0,,21.676615,21.694538116455078
c1c7ec2a8113f2b7f6bcdfbad13670211410b850,,21.261013,21.54188346862793
c1e96e3a6560c2758539e571897f5f4a2f92eaae,,22.456343,22.655536651611328
c23f72a078ce0e0714f82a4e9c92a27fec1630f8,,20.313637,20.459444046020508
c2862ccd34a30713aa6be6e6cac9a25350b7b798,,24.0733,23.97627830505371
c2e694d2a7d6cfa1b10469ef4f48ae78fede88a9,,26.637348,26.078699111938477
c2e833b8c3a6aba1dde0b7ea334b2f014f2206cc,,18.536499,18.3757381439209
c2fb7332e1931d1862c7d60f27b09d20d8d763d7,,26.748867,26.307323455810547
c3120ac17a4131310038c92bd406d1ad6ebc8cfb,,25.117264,25.279617309570312
c319084043ae2dd80a70ec46146086118fc24e36,,23.840334,23.467912673950195
c33c2ef5c345c47a309728ecc98985a71b8cc880,,25.583698,24.688106536865234
c34afb6819c8efe0db45d65d4840bc2211e2d49f,,23.708443,23.320894241333008
c3668902241cc543f85b303b8d4394b4ba1867fa,,24.371813,23.751853942871094
c367f5ed9fa474e476f881c1836c1e76b47bb34f,,22.191694,22.13153648376465
c377a2831c58ab99426e8a5c2775a89e184c6a16,,22.553349,22.172443389892578
c386777799bf5cfd334faf932b41e3e3f5c83a64,,21.354399,21.349624633789062
c3af637a9b130247c25b10556ecf7b7468ccc3fa,,30.24559,29.99936294555664
c40e77f8567a872939a4c14c972311ca3722c539,,23.203892,23.019561767578125
c429b5f425e9147515aaa6142ed6b77c2b1a6d78,,21.870129,21.006977081298828
c46baaefb1af0dac373c801dfa80cdfca10ac2bc,,23.032358,22.561418533325195
c493703622e70ce73b725acc09b9be0f7f619389,,26.773481,26.91175079345703
c4aa2692fcb0ea16dc5d6086db6840a0745310fe,,26.652155,26.974472045898438
c4b3ed1fe1c817c79c45f15d53a33f1ba5491d17,,20.932835,21.22563362121582
c4d34db9fde51bedfc034f5bfd7b198c2ba01c8b,,23.254261,23.236770629882812
c4fc90e41f9e6ff0548de4836c407276584a8596,,20.624088,20.955665588378906
c5e5db1a415112651abc6c25d7ad35f924d9d309,,24.457134,24.439769744873047
c6c3a7c3e5399101c8744c151cde5717b83df91e,,18.937294,18.79898452758789
c717db50074b8511322347967a970dbd2b1957aa,,22.510544,22.942432403564453
c726c54c8cb88778a1a5ab8568a1bc3a233b4e75,,20.98795,20.72524642944336
c73c0ceffc579eae887902cd91c3cd584ca48ae9,,30.501745,29.970523834228516
c7698badaf24e231bd6d9cb2f6a990e685aceb9a,,21.913538,22.187179565429688
c7aca1d91e4d6be8f73cd5204fe5915ede75f0e6,,24.585638,24.678804397583008
c7e6eed013f84f0eab2296ab2045dca6e07ac44b,,20.900608,20.700584411621094
c8507138d11ed1a4e1e8e023bc2777c776cb3832,,24.102772,24.03177261352539
c85aba887802db9d42c3d59e1a9a51cf813154b2,,23.108791,23.257217407226562
c862b7989f2d06b477388192c95f5ac5db72f920,,23.805641,23.90198516845703
c8a18904e5ac35d9c1e4bed1fb40115934015b01,,24.37629,24.433692932128906
c92f12cd0c6f866b2ca1bb6ff86cabec688e21fd,,24.746048,24.63599967956543
c9f7f266e800fb84b66bbcd16d6f36ccceab628c,,21.47236,21.488525390625
ca1fc1a7b268928d9dceefd5927a16a48471c28c,,27.596428,23.936405181884766
ca278301df8f051d87d35fa05dc267b37f73fa6f,,26.312836,25.640108108520508
ca441659374dcb298dda64b665af265cb2520e1d,,28.070719,27.446380615234375
cac548a804742cb4752f378fb5607547c74b14a4,,21.202068,20.742141723632812
cb1fd5eaf787291212607db9cddcaff6443633b1,,26.09924,25.303831100463867
cb5fd4645f2d8ea3fe05a06e1353d919d1207567,,21.405163,21.760099411010742
cb946381fcff4628f3aa77f224f46a40f2df82d2,,28.449215,27.170894622802734
cb9983de3324528c882a3f88388a5fc2b880d6cd,,27.825539,28.025131225585938
cbac29da4c496f9555fe094b0fddf58c9f4a2d12,,21.864624,21.809425354003906
cbafd0f408b7b61b58907e7763d90772ba25d6ba,,22.718193,22.405855178833008
cbbf6d3105bfdc8091e795dd2b0f857b1252b238,,26.364717,26.21472930908203
cbf3fb5b73f2cc4befa10034e4ed600b381016cb,,26.681683,26.556129455566406
cc149317589af2b11a2cb215af913d181a6433dc,,24.383076,24.253528594970703
cc4929c191345c8c49b07e3b7666ad8f5a7574ba,,23.525703,23.454593658447266
cc5060087275f5635860367afd7fcc799d2108b7,,23.397213,23.197633743286133
cc66ea9263299954a59705d7e3675956bc85bb41,,18.457987,18.382579803466797
cc78e37f3d5353d18561dc8666784fb00467e180,,22.95799,22.717769622802734
ccaf2f9efcaaa9de514c5a35a7b9fe73ff3a60ca,,22.060625,22.04434585571289
ccc8161e560efb93572b8141a442c99e6f551fcc,,20.565487,20.585325241088867
cd0adc3510d592f09c6c19448ac6f2053de5578b,,24.61832,24.248573303222656
cd24c32fc09f3a50aa73874dabb62e0eb0befbb2,,20.350864,20.008819580078125
cd896cb31e74c3dea69db2c57ca682db373b044c,,24.916107,24.36141014099121
cdbf21b02fbd9d13650e82162981bad629efff3f,,25.688684,25.46588706970215
cdd517121ab62f3c9ed2033834db9c7271adb5e5,,25.058651,24.96871566772461
cde0f8f03f7f2da4c1d7a30ce9e96fdd118e5955,,28.366823,27.868032455444336
cdf375ee150e8f21f0f20cefe808b9427023c238,,23.724361,23.31760597229004
ce03716ceeba3a8a42ea3da8529771865f9688d2,,18.857002,18.87523651123047
ce6589f525a573eb0745639c6cb7a1bd00affbea,,18.906197,19.012256622314453
cef21827253eab8112c550f21783825c8a9f6419,,19.619797,19.89067840576172
cefd2cfda816fac8f48ab26a155146eab286a852,,24.71016,22.82048797607422
cf1ef3a2282156444efb6cf71ffc91b2d2d61ccd,,19.15892,18.941753387451172
cf38b4da6c8c300d043386becc1396a842d7e7eb,,20.554667,20.173343658447266
cf5d8ea1a2ec06660889a08c5a7a2d56f279c9d2,,21.081648,21.388093948364258
cfde49daabbfff2a7c602f97cead76d1169fb446,,23.050194,23.218801498413086
d05bc8675e2c3813f22e25ed12a24ef7343794cb,,23.232624,22.34466552734375
d07b8fe108306aa430108cc931123e6a76d41198,,26.028051,26.2416934967041
d12962fada0cc4ca453c7502904ede2a1f3b60f8,,23.49562,23.21598243713379
d1805ab2e58866bc90116dc6436652a7cf2021d5,,20.13458,19.8033390045166
d18bba6b7b9e5ec855de232f9015b9b4d2bc5d03,,23.204384,22.856216430664062
d191cd66c1ea32c6121fc8c33249326104a39cd7,,26.485674,26.79456329345703
d1e68d49b0660489eada1460c14efb2f0b6c1e35,,25.964912,25.759183883666992
d1f9dccc3cdbc425a106357dd8bf2d89e6af8a5b,,25.536392,25.762622833251953
d26dc52f05e311bd2a301a60518fcea66ecb99a5,,18.41258,18.52605438232422
d2c539a4e5ce2d9f2906fc1a0678e57200920dd0,,25.827501,25.435991287231445
d2ee42521922fb0a352a15d275c6ea13d423715f,,26.318207,26.107303619384766
d30a237572118ed48bf381ef52e9ae791f7eb186,,24.560112,25.263591766357422
d30c921125efae59bfb27046470541839ac9eac3,,27.25718,26.75889015197754
d33d5e93efdbb91b9d45dd43cf340cbaf47a232a,,23.29211,22.00395965576172
d33fcd80b7c4e88106cb9e0720ca68ad8d740377,,23.484226,23.631507873535156
d3618d803954fb7a7baa3cecb0c14b4d5172c10c,,23.98925,24.023731231689453
d3694aa19924668b9b353edc655000a3f3a37f8b,,19.001398,18.97496795654297
d3e6a9fae7dfe1e3ad38376b82221ad095d58599,,23.234795,22.716129302978516
d4dbd19ded2b9f798bb7e3a62c3eae2e4a7d62e3,,25.018816,26.083986282348633
d543934fb49a54f18b88735ac97b33d8716c7ecb,,26.631672,26.40487289428711
d554e6efdeee10e49591793cd80ccbfcb7e410b4,,22.288074,22.235815048217773
d573efaf706430a83bffb63e3f6fdf9a97927978,,24.710636,24.800594329833984
d59e12e21ffbea17aec3280a1bb7e049ce1bba45,,22.202005,22.206642150878906
d611a9319042e0e7a88ed2b8bbbdbbc4794a142c,,20.799683,20.97984504699707
d65984f53a23b5ade9cd16a28818e4d2ec071fc7,,24.369122,24.068490982055664
d7031ace9190a0a3a5a9c077fdc7985d4dc383c9,,25.472908,25.504192352294922
d71d8983d824d451f51b0290f8efeb2e1c1b31b5,,23.09368,23.075639724731445
d76852c4d366a48f49d38ebeeee27649a5d1c59e,,20.645363,20.01491928100586
d76df2b571aafdbef346f3cbb03c26fa4f2dfb98,,22.04215,21.71077537536621
d7937f31969c314a1c075eee56bb1eb1446080fb,,26.007637,25.92105484008789
d7cee92c2897efd7d63c04c1a273273f94307470,,22.833021,22.569711685180664
d846f2956f6cbece95f7d7454b1f708102f4872f,,23.372736,22.804595947265625
d87e497e9ef700be7ac2bfcda70c725f91270b65,,29.883224,30.09977149963379
d8c671278e23b1d562d89988f168217ed921a200,,22.801723,22.625850677490234
d952fdd07d40e5143eca6df693e3e02c0bdecf68,,27.299381,26.906137466430664
d9d0e712995fcdc3e502cb6dc6f8b3801c5964f2,,23.570316,23.886524200439453
d9feef354547918f4ae2d27f06ce8a8280c8a9d7,,24.148487,24.297210693359375
da0b124844788d75718dc14212403fdf6da87c5a,,26.27333,26.27077865600586
da133384164fabafdccf74e2cb1516f0d8b1935c,,24.226772,23.911237716674805
da649b7576a33b36571d3f04af0a223e65e94a3a,,20.982134,20.89046859741211
da84aa5f4df1e87bfa886d9750e21ff6c3fe5ecb,,25.84984,26.15584373474121
dab7843baeaa75da7f07cb5d0b772bca9c92c07c,,21.36346,21.420412063598633
daf5d5185ed7e7fc7aad2eeaf5f60306ec39d37d,,21.942408,21.650436401367188
db117dd04013d819f31d3d6d60d9643764b1292b,,20.069063,20.03689193725586
db3392d74816862b77ef35a95bd4121098600567,,27.966993,27.868019104003906
db8a82d9d7c1af326a4e95575ea80952e589d3cb,,23.619823,23.168590545654297
dba28a281cdc1eed895ad5f8927f87945219ec29,,22.27145,22.474151611328125
dc3cbeada36a41763181ff0f7eaa47a5fc1ea12c,,20.699726,20.66093635559082
dc6ce09649ee3d2a355cdd9f4a2ebe090420ff6c,,23.726433,23.58700942993164
dcd0fa50430ca300f36581858b5aad0a0116c50d,,23.040277,22.67173957824707
dd249a51ab8d4171441035a5266063cefdc0e083,,22.629356,21.96240997314453
dd6603d528ca9f4f332b5e40a5c717cc2a69a0a6,,22.543179,22.830657958984375
dd9123779e4953ba4d26e02e8e3b5d6fe1b33aab,,18.943007,19.099929809570312
ddb8c68e8ead90671df27fdf6f88abee47d1417c,,24.448273,24.327268600463867
ddcea4c7652f6d2c1a595665c1d51af9bbee6441,,20.620274,20.478689193725586
ddd02e32eaab520c1c02c05e214de815454912dc,,23.521946,23.759973526000977
ddf05496183bac9901e77250d4805fb00e412a2f,,25.935995,25.759239196777344
de5ef3e95ca2fd37c899291e4817c43a1aec53dc,,23.234217,22.25360679626465
de6f1a5a3ee4a8226f2509ae60ff9c9e58e4960c,,20.542603,20.94209861755371
decbc129a698f05982dac49317652d5b6f2b8954,,22.015512,22.05610466003418
dedccbfb538ca1ae6243d5c993fe7ca697597198,,24.87401,24.087228775024414
dee8fae6b4223fe02b61b0b1456c7c39d62d7212,,22.243122,22.59880828857422
df25cfb9dc9551c66b46704045128a97888568de,,22.479416,22.646129608154297
df52d8129903a9cdcd66b0fda98e04ededfe9023,,20.763721,20.448274612426758
e018442967ff8d0b835db66e7e76504fac3c021f,,25.396778,25.265464782714844
e0aad2fcf8c2d20d13eff53dd3e2a13f9a4551c8,,25.352705,24.731868743896484
e0b908452f32e2ef1de92acfa3bd15b96ade5a20,,24.247568,24.07500457763672
e1be66273721392084b12a1926938561596f0a5f,,22.633747,22.69171142578125
e1cc39ef474c45a6e665a0025015930d97d237ef,,24.561047,24.079483032226562
e2248307bbcebc93ff1dbb0e9b2aea705280cbe8,,23.60111,23.44051742553711
e27fb4caef88a295513cafbe13b0bf2e71aa41e1,,24.733559,23.784984588623047
e2809ebe9aefdbcfd7b91e460e9de9b77bb75396,,22.251242,22.2602481842041
e2a5e7b6e44a050973d634cc77a09fd2d4442aa6,,25.216953,25.843942642211914
e2c377e694e15fad853ce5195dd88d45c94156df,,21.263641,20.775772094726562
e2cf4b118067c16f5360941545abc55d27825846,,23.851892,23.99191665649414
e2faf76bb64b09888a5bd4610cbe703291a59347,,22.252958,22.160011291503906
e30f6b3f5b188aedba239b45061718eee69c205e,,23.410835,23.116260528564453
e3168909ba0ac411e735f1a7ae784e26787f5782,,24.98102,24.77757453918457
e363dd188593cd16717f519aa4b3ea09690f79d7,,22.759607,22.746070861816406
e3a719dd5956d31560a409f9dee9f0949bb0eeda,,23.509327,23.20647430419922
e428076cdefaa49419559d08738d955327736b5c,,26.410545,26.254241943359375
e43062273febed32504bb4f9caeb7caa85012df0,,24.90744,24.331504821777344
e435653b8d0284ec5305b10484744d1fcbfc076e,,21.138653,20.752914428710938
e49fbfe16a6a77e94be2b1576d87aa34682436e4,,22.128153,21.587121963500977
e4a6c28443b1623a463625fe724e886938a0a543,,18.877777,19.140703201293945
e4e3400e2611f800febcf258b43aae170bb8f67e,,25.542645,25.8320255279541
e4f50d74bbf8cea81c37006317795922f807124e,,25.573904,25.7669620513916
e4f5b01ea35ec80d9f93fede4cd2d57f2749b557,,24.40404,24.126985549926758
e50ab7cffd150dcb4ce840fd9c4fe377c00fda87,,21.966112,22.208683013916016
e58e3cfcf9bf4887019cbd77d2b82438523eb805,,22.737831,22.582256317138672
e59483250ea50db86a8e4dd3f2a1b313fef49f80,,24.592815,23.85270118713379
e5eff8c6c507afacd59e8124565d1199533962ae,,23.80922,23.240739822387695
e651b5b5ecb3c4aa8fdc5eebb1e47cb8a77bc849,,22.811405,23.071033477783203
e682308de314b9594e068d5ac215ea8a6b83e17f,,26.606195,25.519115447998047
e6a1559e130705fa6b662776a092a9eabc3e521f,,23.569395,22.796913146972656
e6a65dc674e1a5e8af20ffaa785d874572e11c2d,,20.486975,20.390892028808594
e71561bdc069d664c2157d5122b25cff3096b920,,21.18293,21.123226165771484
e789ca3d3312fec710b4c3c3d8acfdcebfac6b8f,,29.120028,29.01322364807129
e78d5cc89f0d0beb79dff472077118eb383496cb,,25.321663,25.502342224121094
e86321546c149859f95e35800da71f0645e28822,,20.482578,20.4951171875
e88b5dbcc964507844dd138e4bceeb52b8bb0017,,20.528934,20.04339027404785
e8a292672e57fda2207730d7ab056aa4b8c184d4,,26.81414,26.345134735107422
e93527dc1ad1a4b23f1e21aa59c75e75c29da145,,18.711052,18.73076629638672
e936dde307128b45c9174f3abc6d30294bd906a3,,22.058418,22.10511016845703
e9971e79a5919aa2a6a9311dc661ccbf73c5e631,,22.0251,22.15888214111328
e99e57084b8819fdd2b26daa6e735ed2db7ed558,,19.493883,19.79704475402832
e9a616712c97af2a1ca755633c7edeeca4f1b33b,,21.991455,21.60865592956543
e9e55b52a6bb87bea39322f25f66db192173520f,,25.005781,25.113584518432617
ea4a81d81e4bdc28aeea95fb58d73527d733382e,,21.485676,21.79275131225586
ea7f4750a5ce03274d80e302c55af21c3c61d7bc,,20.022026,20.240678787231445
ead4188a32082b897ecafbc0c45e6cdc79767036,,22.10847,21.83394432067871
eae99ac39e7364623a5b277293c62f28db6da5c9,,22.00866,21.704078674316406
eb4d863358e91da51faa450f483c31f9c037610c,,20.923298,20.65887451171875
ebaa16ac28f35d7fd17f42f5e1b0b69d7ba4b273,,22.403736,22.031705856323242
ecb963952e299830743bccc1dc17ac2fb0ab79b1,,25.170183,25.215456008911133
ecc004d23d87ae0054c0c1630eadcb093b4fd3a1,,29.881094,29.56119728088379
ecc74aad1b0e6e9efc255e49451482b4c154c25b,,24.402857,24.300107955932617
ecfc143bd78a172ed1571b99689ec2dc50aff4b5,,20.409199,20.73824119567871
ecfdd0b866f30f16e11e75d26c91572eab4be95e,,19.027416,19.062131881713867
ed02e63f0f0cf2187cae83ced22cf5ba16036788,,24.524681,24.623624801635742
edc549c1d8f33929e1a20204f75af07be53d2c40,,23.707096,23.85422706604004
edd60ba382698bc9b96b2f4412bc45e5eb06932f,,26.61319,26.53108787536621
eded49a942c058fa3e9692414f4b2e2cc1c16752,,20.763285,21.11511993408203
edfc2b94f07b117e3397a971aed13ae7eb164206,,23.57847,23.116558074951172
ee5955f8297ffd2dc17f08490a030bbd8aff2e92,,24.31337,24.187881469726562
ee940b778adfc9b0987e5df2b4775b999b516506,,26.220018,26.214187622070312
ee9f1b1813e8ec66cd87e9258aa1f0f407702a4f,,21.297642,20.70294189453125
eed2f7c67de55aa43182f73206e93e474c38bb99,,19.789469,19.867637634277344
ef06bad7dfffa44745d3cede1c532417a48c6f02,,20.876646,21.054157257080078
ef22651ed78c8ec7c52c2e0ab093dd76af65f5c7,,23.277294,23.525487899780273
f112485d46f512b15e257e6e08762c60f5ae1325,,24.544643,24.90035057067871
f122e10ac9fab45ba16bd21ed0a32c119af1f1fd,,21.660503,22.064537048339844
f1e7366eb33dc331a3cc2897ffae31f843549aee,,25.160484,24.564117431640625
f239eac8191d030ced044d6731b5faf25b8c974f,,21.966866,22.398094177246094
f253d232aa6d5450e5543abf9268ec2a7183e5e6,,22.11853,21.989341735839844
f276fb0e5ed31be60107019fe1f7ad3149287a39,,18.832394,18.747303009033203
f2e2576609466aa4ba86d11d2b1496bf809b560e,,26.850338,27.137489318847656
f2e2df33847b02cfe575f672ca5c4b63008b3619,,19.523642,19.654224395751953
f38bd07e11b7d63eb14a95a44038b6b33580580a,,26.681976,25.13118553161621
f3bea99b06688c6cc3ca66a58ad3a1049bb5ea2e,,25.096909,28.766998291015625
f3ca938cbab74fe979765d1e818e11c4647353c8,,26.470139,26.72671890258789
f3dabd0fd4f1f4a1af5206d337f87bb49e8aab0f,,20.131216,20.123992919921875
f41c8d34161162ac10ec118f8d5bd37f1b5a3407,,21.76331,21.979310989379883
f42ee0632fcd7d56f6f0247699b1a449da7050c6,,22.694267,22.381649017333984
f4af4ac0c3d4f73da12e431ea2d2141a896fba58,,23.276625,22.839000701904297
f4e1fdc5b5f1102b6217e15fd55c7b1153ff29b4,,22.6152,22.637250900268555
f57faa120225a23a1fb1d798b56ffe3faa2a1346,,23.353348,23.34575843811035
f59e6b657fbd252aef4bf73449f5b530df2de9b6,,21.31592,21.15625
f5d9ba3e8ed3e0e13c63ba0da0f78a6c270f118a,,18.502113,18.291316986083984
f5de081748f631972149ebfbf0baca0eb19c9cc8,,27.179417,26.84912109375
f6987eb8a400fc92f718091f03e967a6413749a6,,23.293816,23.37520408630371
f69dd35719489673fe18edc8347f567b5d615de4,,25.225449,25.52895736694336
f6ee4394126dae5c5fa4c033552d2e58ec8a1eff,,23.797527,23.609094619750977
f728544442e3917091bc3fb38e1fe99817dedc3b,,19.147213,19.6464900970459
f76b6a35287edb7800d397e749565bc5b79ef302,,21.947475,21.981510162353516
f79cb58aa942b875435a6ad662694ff619c0b306,,31.210958,30.729448318481445
f7d2d65bf96c8dd8329ff311db3ea2f438dda980,,24.476433,24.57278823852539
f7f712aa026eeeed5d0f3ff0c178b998e8458702,,22.64695,22.597126007080078
f83b18913b02150e8df3c08d34de659c98fac3e0,,22.338364,22.03887939453125
f904aef07416016a997739a9bd662496e7f1bda3,,21.62897,21.795072555541992
f91ef0a5a6f123e140b32e1cd96f643ec1bbefa3,,23.97984,23.89959144592285
f9326c2078bb61a2205064c4da7b75e0a14b9f55,,21.130306,21.064865112304688
f9362524fcbb72980b815ed9208fc8e48408bca3,,25.051336,24.747196197509766
f94f282e2e73da6a5405e79192ef27833a0bd2e5,,24.757261,24.747066497802734
f956af17c9ebd02848283087354d8676b14f67ad,,22.0833,22.02683448791504
f9968facdaa01d7df6a1871c86ad34a224bf1a0d,,22.742594,22.676013946533203
f9af77d90b86a3e452abd1342dff760593b429c7,,16.286636,16.391075134277344
fa1b1b4a6a357acfde3bd359c045f946c3fe3b7c,,25.892258,25.531213760375977
fa5ef8dcb068d49f43efba52b734146d936f7ab5,,23.468866,23.34235382080078
fab634d079e38005671f5348ffd8d18cdb9566b1,,25.822613,25.951269149780273
fad33b1d72d6db6929bb0d1a895517d7c83b6232,,23.517057,23.157148361206055
faed4c92ca5fb75f726dc27cc8446c43c7432a51,,21.06813,20.81650161743164
fb29178fb2cc6626ac30a1640a89a231361a88df,,20.492523,20.1044921875
fbdf1b050dd3dbc512cdde54a9d984d6fe8a1099,,23.7784,24.049835205078125
fbfcef5528e72532f448cb2eae3be3e77b87007b,,25.153107,24.83363914489746
fc25b22ce4714c7900c21326fcda8c60b95ee0b9,,20.20063,20.19650650024414
fc633cbff50f777c4fff1b5196d865d6ae303f57,,22.802046,23.011157989501953
fc7b5df9473fdee12300cc60ea9cca2c6997e292,,21.01522,20.781469345092773
fcd621edd3f45cf9754f0b2e676908f2cb1721c5,,26.023659,25.845741271972656
fd3632ca24fff17320f36a9fa8011afd05370003,,22.90699,22.786334991455078
fd40dc986955cc7cdb3c2bb6e1c6c0cfdc4fcbb9,,27.807257,30.819515228271484
fd623f14d0894fb39b21432b44f4148a8d2fe7ef,,24.338428,24.367156982421875
fd83e7b57c4dbaf9ca8e3e4f8eb435df99c671fc,,22.384583,22.419519424438477
fde98cea15340d6591b83ff2352913161c2d0b4c,,24.044476,24.153697967529297
fe1a7a5b00b7992909ffd1bbf7072fb09596a4b9,,20.982166,21.06694221496582
fe7a95ac739cfd44f3ad27bb224da8cf15e22603,,22.92818,23.255128860473633
fea54e28fb7925c277257c86d2371a9c281ff9c2,,23.900469,23.081382751464844
feaad2a72d2aa144918b752634533067638da849,,28.20729,28.567333221435547
feb4528b23a9b5817258e899d48afc2512912644,,20.749693,20.78169822692871
fee9156cc4f0e0977ee42df635211fb15f1e5da7,,26.853521,26.40142250061035
ffa6ea32a863de0f89fb2073ebd47eb02e81a911,,21.519085,21.508329391479492
