id,PSNR,SSIM,LPIPS
0035db245d3cb77717fc699f3237b178cc34b21e,13.087477942508176,0.5754797350175647,0.5645815134048462
003c48e6f814af7376faa64c24269a84ebf3b5d7,11.676311026083043,0.55132546569267,0.48617029190063477
0079b5adbdd29bc38443bfe49db1ae84e02fadf3,15.223037809612094,0.6032340693030952,0.5346601009368896
008d73dd7f94c758ef7ecdf42686062e231e923b,12.189753664017516,0.7703712693181828,0.3450798988342285
00d295e36406fdb1ebe961bd2add75e52320ac41,11.269252136235973,0.4667099879361627,0.672642707824707
010d3a1ecc9b6e691630660ec5fb547de1017c5b,18.559035274181415,0.7573092019726279,0.28782105445861816
02547b22cdfd3e710b0c2e01eb5248821728caac,16.629162053822185,0.6247309227421012,0.512780487537384
026a8ad80d60cbf4ed1b8a5a4bbd6e8d759ad83a,14.75202918600948,0.5485897646385988,0.5725082755088806
026c857c1a813b3457a5d5a3923ee936d9872103,10.644680113877849,0.32170701941759483,0.7368760704994202
02ecd50bf9837c68eb7649d388bab05a03e58c7d,14.995933657196495,0.7085745347685517,0.41022956371307373
02f52ee1c402507d3866ce0f9c077afc23a24a4e,12.219618917825253,0.5940988576447981,0.5363281965255737
0320f51aa0fbaf88e2d39c16e1eb291ba98d3787,11.22626757912317,0.613003839156205,0.5884626507759094
0365a0066f4849759d1d117b1e632c463a4c3e42,12.361112592610448,0.3224378520699755,0.6360224485397339
03b0f113c0255a7257ccf1cf0f2b8e90008e9f9f,12.538807402061645,0.5091785621671803,0.5718801021575928
03b16f49313b9d5197b829e4ddc43d471cb07f46,16.978490006723447,0.743543915759847,0.48620960116386414
03b3df7dbb399ae6b4d06c7f9f5bb49db5987ab2,11.937235612489715,0.5739480908330737,0.4904351532459259
03b4dc954014f767730adeabcd4f12fe19af5c27,13.892793381102681,0.5876845285570267,0.5538913011550903
03bbc2be922471f4709df9dc0fc9355bc82126b3,13.48147175636035,0.5458737345650357,0.5853254795074463
042e1b53b3385a2298722bfae61f34e2f14943c9,13.186425174466956,0.6359225579917249,0.47267580032348633
048d538dbc6625ff6bc70e56114d29d799e35566,14.55068850150429,0.6599646831941038,0.5599243640899658
04c27123ef8cb70e56ae2300d0429c07550d7e1f,14.50758819994384,0.6285948318606842,0.6394631266593933
04ef75eac63306ef923ebd3085729bea2a035bbb,15.81615523110814,0.690910578053432,0.5289500951766968
052f24f5a23f332a5a58ad4b6dd3192b89a54e60,12.505159036365312,0.680483260764475,0.5100588202476501
0578fba88eddfd13cd518aa059223f46a05b6764,14.042174288016389,0.6475444312883742,0.601775586605072
05842f36539f9af7a3706532aa70e7a3971de27f,13.885632030805592,0.6066269421195143,0.4900989234447479
05c240186479e3d16639993e8e3dc9786be89763,11.908497030279165,0.5111960550090373,0.6258243918418884
060a1018262eae228de79a722ca9738b389bbbe6,12.403121626163058,0.5594902652761097,0.5544390678405762
06624ed279696113c8aedf07fe0280a6c0da4591,13.6029991697464,0.6029387013041332,0.5860087871551514
067f885b2660acf44ed1d2b3f1f7e1b5c1e19fef,9.859309711995216,0.5912246708801141,0.6380878686904907
06d23b5b01af59875c12ce932c41bcac4cc0d6ed,14.934165527876434,0.5061166700776377,0.6022314429283142
06d638beb91d5bbdd506313ab2747eaae165adb1,12.474621269205644,0.5002966309631686,0.6575285196304321
076e41d130f72aa50193a3f54cd773e13fdab569,12.717870307855444,0.544535445454817,0.6456391215324402
0771cb4eedae6fd8bbf86af860b7c14eb7658b6e,14.821930473363885,0.5910401421203169,0.5459016561508179
07bc46ba33890f5f607d133698f6f54987eeb0dd,14.763394025892438,0.6433950737533051,0.5121321082115173
08044ad2bbc537daa74c3687fc45e43645e852fa,10.690089796543171,0.5443002196914059,0.6046125292778015
08111893f3f2e99c134af50a5113b279d6e2dfe2,15.136189232160383,0.6433728608952252,0.5139439105987549
0811d02c59639993840d656ef1b945423b9aceb8,12.03016699129709,0.5365609206017493,0.6531005501747131
08389fec32da7110b1faa2bd73f10211167374c4,12.766123683114758,0.5251802054614104,0.5259621143341064
0939cb0f610f3541499be521ae43d226d4fa4d48,14.8964067296132,0.6749226344000206,0.5021282434463501
095af2c2ed3927d532e0acfb363ef9223bfbfdb8,11.967804552260862,0.43233260509577515,0.6313623189926147
096d1d6b7b6a9ddbc7207795f793d80efc7c0569,13.979908473235517,0.6970291096495319,0.3200097680091858
099fd2da5aa25f4515320b0b6391eec98f5d81b7,11.00081759557714,0.6165192280340963,0.5712945461273193
09daa7a8b2f4f63fdb8e7ef81b32e7da21ac6f25,13.088960870667478,0.512003002008961,0.5883610844612122
0a8e659015ee8800e062bcf4815ff0060a3348c9,12.471979951047311,0.5043279002475706,0.5914052128791809
0ad39ae49da565eb9c27d7ce6e1cf6049e5e73e0,13.734741835241778,0.6892623782391031,0.4765949249267578
0b52e5116935fa7826d83f62cea4f39de98753ca,14.970682723290683,0.6075579836679874,0.5267907381057739
0b5c7f8a15f4eefc34e13226ef3e2ec31bfb7398,12.623278516410686,0.5902853966302959,0.5730000138282776
0b838cabc2b733ce7293464e6169e169bdc916c5,12.174453097411115,0.5637854280751579,0.6368850469589233
0b97a481ac295f07a7929dd3e48efe41b6802b17,10.60330771747011,0.44563807681832984,0.6411031484603882
0bd4f279d88f41665133fe7807eed98c8b2bcee5,16.524446343593205,0.5799481611515013,0.5324723720550537
0c5a5412dff5ae4ab944bcc742a737a9d3e8904e,12.500604679402745,0.5411453686597169,0.6158031225204468
0df0edd003091ba53dd311d1b5b29ec07b911b0f,14.993752382866587,0.4486113711121407,0.6642419099807739
0f1fce02fb7c68cbafa6560c1a5cf598b859c1ab,14.393557045238692,0.6340709842126712,0.6000015735626221
0f49e2876229d22cb6c393ce3dfe7b5c3927fdc0,12.325363569665013,0.5237735981473675,0.753349244594574
0f60d4cfc3a8813680e4e2050d20f9eda157a75c,13.892919845835172,0.7319573408795269,0.4061136245727539
0f72a85a007edef0afa270876f2a4e2f26103f12,15.150823599967037,0.6294049910231427,0.4336385726928711
0fd9dfd7c8cb268fe597ffb59bde1b8e99094580,13.04248235267088,0.5402524273921415,0.6049554944038391
0fdfe851dc600e234afc2fd50927597d2979694b,11.504888622493537,0.5318475767643506,0.588540256023407
102a8784d44ee8ba126cee62fb856aa1a094b236,12.057953854802289,0.5423141994946917,0.5911129117012024
10cf0693309cfca22995b0f8a152f78e9f6166b3,13.377630521498919,0.549983821478646,0.6207379102706909
11bccf62cfd6f9f25358a9ba16c155b08d3b9b93,11.7170299806667,0.5460853836780432,0.5867959260940552
120c16030147840c5bb424298971e177d7357153,10.179520248386043,0.45349458205976734,0.5729423761367798
122124c168420d068296f6e146ec7aee84180c6a,13.648643310939976,0.6015156071515735,0.5649771690368652
1235b46c80052d13dfc9727250c16beeb354d9fd,10.907733701396607,0.6089639433046914,0.6102129817008972
12408d092447a808500a579c3eef46bbcb3c3178,13.846448878969227,0.6380433780832625,0.5822685360908508
125587b6e8668882b8f4757c439943f1db6b8add,13.84274015284959,0.6166474404496385,0.6133468747138977
12fcd214411c91e53ab957fdf796037337a595aa,10.32020523402893,0.3462354176813632,0.7243582010269165
133c353d71447e812e74bc26a6cd0ca285e4da00,14.084086790528028,0.6046461273154001,0.6620413064956665
14449eecafa6d3d9ead69f0a3a62cae412e18eb5,12.08770508865655,0.5406076591422256,0.628629207611084
145afd24c99a836c5c7c65eea051e6046d182519,16.34810378146802,0.6457737682478472,0.5327180027961731
148be404e92cb16b913bc84ec08b81f691daac42,13.110512483597741,0.5553890791342188,0.586644172668457
14f20e3a8c932038422d0a7e72d7f05b7a7c05ac,13.246831366422816,0.6322049890393586,0.48858365416526794
1558e68a1a56021b37dd94e36dd779d6c083e669,10.47523009793559,0.6218971104494224,0.6720148324966431
155f3d8a78f95907b122b885f17fdcd5336b16b0,12.842960356061754,0.43974541120908234,0.521547794342041
156c706138349cb63a6e4d0b23f0c8728e49c807,11.40808537719914,0.4628835103395335,0.593454122543335
15d8e70f8a86a06805e2ad44a2c55af124436f5b,10.894706241672177,0.5356858498318656,0.6496413350105286
15e629a335dc68298a87c6578ed2e8c3af46af6d,13.922894661162925,0.5808591616518358,0.5513412356376648
15e780664f9aa4fbf8be90587a3ac5599121343d,18.77062640846354,0.8113383598156139,0.4305351972579956
1625085527e2bda2912751dfe37196e15011d24e,13.644711130759328,0.5192508291159467,0.6469355821609497
16d8c3e7af5f070ad0c0aa6553384db6c76fc54b,13.775302292755825,0.612682903568917,0.5965281128883362
1742b7a28480f5b68979c94904c86cc672ce2794,10.15171529037717,0.5285477447624595,0.6332552433013916
1755b19934cf3dbdd0f0e9c396118858cfc4a2c8,13.001472215821428,0.47698787116018826,0.5850343704223633
175650f4ed7ff84e71e6c5b1b3a8a896a2a8dffc,15.292946601198597,0.6973993884726709,0.40261444449424744
177713053bedb849bddb392e21283abd32ed8a0e,13.325042952406587,0.5886836275375342,0.6030497550964355
177df4a8c3f410ed2716ff43237f6fe5937727b2,17.34477405863928,0.6540425982981751,0.5115441083908081
17ad6e758a8d0fe731a3fd81e935656c4696a245,12.348889741322335,0.5402369409737807,0.6334797143936157
17b733058df179fc01dd3591dad70cf86e537472,13.33643365048096,0.7827075898899937,0.3356635272502899
17d980408c2feddac40f31c1057bcdbd3819cb04,13.397160044740025,0.7174025451984679,0.4785410165786743
17dbb5a62444235c6949adb4f26020766e93f8ff,13.875999552162536,0.7315700729451539,0.47403454780578613
17dd4eb2375a82df888c9abdbfb66afc947a2012,12.756640613997302,0.6846283848358244,0.5176877379417419
17fe05ecd1b9059baba37e6800ecb1211588d224,15.096021548515964,0.5902860320066209,0.5284451842308044
181db8ac1fdb5cc7387e5b7647c2d5e9056ad509,14.35773459813378,0.6171610811219245,0.581535816192627
1820d544c7ec3429642f857f1449a23d529dc4ff,14.779606449148242,0.6136421330451095,0.5493767857551575
187d107fc17d4fe51ac8c9ce4ad9fdcb1b96997c,10.43492879070043,0.5042653588349068,0.6312537789344788
1884a3e258b18839ffa495269710a61345ae674d,14.437692115419338,0.6434558598038614,0.5447757840156555
18bc2ef8d168385dc073496dad10123581fc52a0,14.478556095146985,0.6224614926284597,0.6078004240989685
192d371693188819931d4b6ea17ad44fe8a2c8d2,12.564332845519921,0.5885865803310222,0.583357572555542
196fbf0a69a8460fc7bc57d5b05c8aaaa97d4a02,12.647441709649112,0.6126848031254616,0.5300832390785217
19712eab6e0dbbcbcb9b55bbc217df31abdf0b54,14.642329497325582,0.6196705123565791,0.5819687843322754
198ddefcf0f65b1def4fd81b4f39fc813d8ec95c,12.123986245346716,0.6447322767971994,0.5739916563034058
199ea427154587bab85fcd4fdee4f3ce3eb4eb41,15.844612131066565,0.6575451964673478,0.5559653639793396
1a103cfcb6072d84257cecf9816956534f3282ad,15.653034210091032,0.7336113848593149,0.5487133860588074
1a4eb96580489dbee758c5155ff4e6baa7827f58,11.441764428997306,0.5816442823111915,0.6398475170135498
1b028f57326edf88a474ed31b47b2b527b035617,13.14335962715478,0.642024870778887,0.6182928085327148
1b29b3e02da74f6b5aa5b08733d2370b11b1ab7e,11.754158940295994,0.5624737267256222,0.5901409983634949
1c0df912e8ea6a62bd2318f6c2bc063a78508d5c,13.114953233167128,0.5989197491887771,0.6149698495864868
1c212471d8ec4aeec7e8e616cc6d9f7048b92350,13.465176556709672,0.6840603862661108,0.5222023725509644
1c418c03b44b4b29239bb22bad2c1f8fda7436b1,12.392525249493271,0.6116266039630134,0.5314502716064453
1c53eed315ac8b669c67f7a861a4518265578625,14.20051490040662,0.6960289721257656,0.5012028217315674
1c8065abc6cbcaa4a898382f45384fb5877cffe7,12.791250396597718,0.6462226839607365,0.5284311771392822
1ce6e86d2a9637004f7c888f3b8eddb5688f9b47,16.0016911200665,0.6958380410096799,0.4928034543991089
1d0d5ec9c713873adc83fd9a3b944803728fc0f4,11.19382376688641,0.45465062653960375,0.6648428440093994
1d4eea7131fdef7d27755a819799e6aa86d24eab,13.976192456087755,0.525240290635982,0.6011232733726501
1d7330d00fe9321b0ced65a10a218237d205de5d,12.561091228221352,0.5700198771584783,0.6961309909820557
1d7425378cbe029537e1ec4b78fb4dfacc39e217,14.60021450662591,0.582438569865654,0.6050406098365784
1d8b3ed10e56103273218c328db5e9b431092a11,14.109962213789867,0.5583165295316496,0.5656906962394714
1d9564224549ec62901d6079f4a8a5a906e6868b,14.89029387185023,0.7203328517279658,0.43646058440208435
1dc97dbc24e1dbae00706388289945bd929526cd,9.617528475297567,0.4921389656750108,0.6401568651199341
1de3120f5aaf9c9baf75b09e395e6a1255cfd969,14.30866668760175,0.527128204255536,0.6323686242103577
1df5793b5155179f70fa2cd86585202f39fe8f4f,12.507117067536997,0.40975607861809477,0.5556861758232117
1e1c5e9be1c573dc3678b394d7f4e8ee27cd29a4,11.062756468054623,0.596285601458014,0.6546677350997925
1e8faf6f1480fe843a6aa1ae2c95948309379239,14.754661838726413,0.6473798064009816,0.5392929315567017
1e9d6182bde61167c09f3c29c4443622dc843cc1,11.164345695783336,0.3963703614188872,0.5942400693893433
1eb1c7a7c1b03aecf06b60dfebc2841169d0e208,12.494398492866567,0.5256750203806574,0.6127516031265259
1f5367a3c856da24f53020e1d17254b57c0c0956,15.159297851365698,0.6839245605762976,0.47449052333831787
1f990bb78201544b7cfabafe7a602d96ae3ebec6,11.686707638070446,0.6212095174307609,0.6509224772453308
20453c240fa0ca8656844389f5b270701a2ec390,13.747250541228109,0.6402136287873504,0.5505657196044922
20e774bd34c9b421ae9d8e7fd2850a306f9ab2ab,14.60948651807956,0.6988309402022416,0.35399535298347473
20f94856e61bb3e90d9e29d64e46fca9d7f189b6,12.549564881219627,0.5716149316952577,0.5418802499771118
215176d45915636c1ae7d0c479a96e6a2c791d76,14.079531382469735,0.4263384121060385,0.5589019656181335
2176d948af3c2339735b1e59258d54ad99571fe6,16.380592440624252,0.560638815554869,0.5211567878723145
2185ed3b9b0c1bd5eea208afe6db42f0482aa808,12.159616628124667,0.60991209836025,0.6253108978271484
218803f266e6abf408a2a0e2b30ad84ec3f3160c,8.691788389284579,0.47965326725251445,0.6984577178955078
21a5d324b0f08da858babc3af0c7d56c0e7833f2,13.57317879228255,0.64674206661948,0.5037854909896851
2246fac38e392764150b9345a48376ac866fb4b8,12.173950013372233,0.5526933500352609,0.5561724901199341
22da2cd09f6a8e24fdf314ac0ebe74bc36789931,14.682691193764834,0.594929709070474,0.5566180944442749
22df138fac2305642ea4d9cddd4c9f3030ce1c93,12.234549465345728,0.634799503352804,0.6050476431846619
22f69cbac9e1cafa35b4cf81470425492fd414d6,12.555921640672592,0.5856346754097437,0.524253785610199
2348a5f43e81552e88dd50ddd62a42e632c9d6cb,16.241647746430026,0.7726545778734905,0.46944910287857056
23d21611b46ce63478c1c4d07fe3c966a6f99c5f,10.098079757089739,0.5091109749919722,0.5805873274803162
242592833498f4c62784a4bafddefc11f4ed1015,9.863104953052279,0.4851352331820247,0.6557573676109314
2498048b0b9d1e829b233d51c0f0180fcb82e1cf,14.765837632114087,0.6988576522116244,0.5648519396781921
249f49f5364420321d827ccdc8cd970e87f4c82d,12.122175563918686,0.6914342146620386,0.5319496393203735
24d0346f3fbda0c50773547f75939cc009bcc2ee,12.968924563206524,0.5392892707892795,0.6524566411972046
251157dbeec044e86aa01279175c7c1d09120bcc,12.303154313519293,0.6694868790584915,0.5010887384414673
260194430afd9d32fe67a1696ef87d2f5332b235,11.375803880955706,0.5784859127833996,0.6458487510681152
26128ac9b1de1a60aec2ba876cc069963823ca4a,13.495412322180893,0.5994972873217314,0.4716029763221741
265dd9dfb9fe877457daed5ba556926adff255bf,16.26223268934335,0.7308548632236951,0.4452829658985138
26b393d8fc48ddee63e3bc28dbf2fcfdab9151cc,14.168058424361199,0.7032411675701615,0.46019816398620605
26c7da39d7aef9f8b2f926a711c42ae8ed762223,12.65203707061621,0.6008746772523859,0.5510679483413696
277d2d1d584839d0e5bdd575a5f73aeb2aa03742,14.186974120580862,0.5741899240972712,0.6246651411056519
2786c8c893bf1e1092be75f0223689cc9ea627db,11.367525380310816,0.4766578373028541,0.6160151362419128
283099f1f416edf6d8d4f4ff0492229bc565a159,14.51485290488199,0.6064172377902014,0.5830448865890503
288f836ab4ae7e8f7cbe4cdb040bb7e8f4f93f7a,15.969594710900228,0.5687576127132195,0.4674012064933777
28df520ef18d0cf6b50e483e1052463dafe508ea,12.246140845155391,0.4267687752641269,0.5689913034439087
2933ca8441bf1783c3a24124e53d4501e175395a,10.99348011341511,0.5460251748588084,0.6567614078521729
294f4442a8247940f9b7900f1e6f759378e70e15,12.331119581081422,0.4930991680157725,0.6463644504547119
2951172b3043dd3d5c27336d9ac5ea5ce2751e73,12.969323840757687,0.6279679061650625,0.5605224967002869
298181a84f1979a59a55a763d25ac71b920b5f03,10.847003587683515,0.5156250179932982,0.6373892426490784
298b437f4cf7ee74ccb6d2359bb078f8a170d6f1,11.668558743620217,0.39008622447233776,0.6610339879989624
29cbef6b0b42169fa80a41105518d808bbfd9e64,15.153049466618192,0.559571963783681,0.46609532833099365
29e1e657130125a504ae8a25255af0ba860428a4,14.151264579900271,0.6403364307420263,0.4676412343978882
2a68c5d02528c32a708b1490b7480d8ef8132a83,10.764255300037055,0.6004391824274318,0.6017328500747681
2ae9006f5fb5ef68f20a722c65013991e67cf5f0,12.188628950323888,0.45356083745862685,0.5531050562858582
2b126ea5bb024433478a7fd337b94393d8b63ec5,11.77044346005857,0.40324457569858363,0.662132740020752
2b15249f3b83f6fe01814467d510d81d1801a0a7,10.609231389943442,0.5306387575172702,0.5759446620941162
2b662d171444c9314f17accbbb93d6900c961b2a,11.049797077424216,0.5237521311774896,0.5189729928970337
2b9500be29f9104c9d6f667af4c7c08549a3c572,15.304768608635339,0.6506450981187254,0.489566445350647
2bff5c14e91b82f5478fcdb2009f126533aeca7b,9.608474004721714,0.4948978197612138,0.7060583233833313
2c224b1c432aaa72782a8687fc56d83abd5eaa4c,12.469759298337115,0.5483855647836554,0.5633765459060669
2c5cca5bae4385ad8555a96262f7302488626306,13.30276304269782,0.4819066634263606,0.7037478685379028
2cb1c87ecd2a1cf1ed2be39671f1f84ecbc694c8,14.810398860350197,0.6730065666321697,0.3081599771976471
2cc7211f49d119cfd13b0a8a5d3656a0f8278e01,14.122297105743842,0.5076108092125019,0.5369132161140442
2cf6998f1d4b9796367cd98c488f750492e4191c,13.813958730447006,0.6341064672993227,0.5248019099235535
2d0bd46230b7d4c72b5ff18d819d8371b5455cb4,19.114883077094042,0.584873425081475,0.44842323660850525
2d2659674fbb3b6f3ed50a5fc12f583f013017af,13.902548629152475,0.41903538818272573,0.6360101103782654
2d27accd7ac62af17b982a00b9ba4f53fcf2ad05,10.165010430024266,0.5160946977450396,0.7132390737533569
2df0648956a32ed9b6711d27fa7925b3a260875a,13.927266682180283,0.6411324836985262,0.6182701587677002
2e1b005910cbd60be47bce4392868a9a60bd2d93,15.178961105647717,0.5844647404287594,0.5891775488853455
2eca71276840d3384d2fc8bf3caeddd2f90000eb,11.03518364163592,0.5174069379664771,0.623887300491333
2f6598c0cf99c0ebeb029ffac00e8b0041662ce2,9.852241593718267,0.4472163989056234,0.7315291166305542
2f8878a963f3fd1b2c6ad55a255951c44a224b78,15.028516893880663,0.6811609907217124,0.5914955735206604
2fe5f2ad05effe7bf27759fe4407c84fa71e8a4a,14.84080446920807,0.5878061307221215,0.5745378136634827
2ffcb85d6edc5dc944e9adbeb4953326a567b9fe,11.401410910923712,0.5738122161768292,0.6278563141822815
3018d348d7472b183c522291d93f63ff7b690c57,12.60919957172444,0.46778605087793346,0.6308306455612183
305fa9c3ae5dce18cbdf01d02c9d56aa42d4e558,10.821679591591458,0.49403530365297454,0.6587314605712891
306c8947dd78973fa9c485c9d63b396113d6e10e,11.60731125126091,0.613507093013003,0.6688664555549622
30d1d0b81bc94e8830516edd93f3e1eedfbb30fd,15.131550170507309,0.7383491612296093,0.534369170665741
30e6004ba707516794d33fb9cc7fbb7360972009,12.590365158651961,0.5408622961313325,0.6056928038597107
332097f7748d524bb29fb78fa6a0511e14729495,13.308389198026369,0.6656280959806081,0.4896870255470276
335d3c4304aeb5b29597d6cacf96653236d4ca7e,14.169381134748,0.659036880118271,0.5280826687812805
33a0cd718bbb22ca79e32f5a8127d6c0674f8f90,9.45837525847539,0.547848353717154,0.7667731046676636
33c2ffb222e09537d0f9b139e730a8c56d84afc2,15.08976132414719,0.7387078903687908,0.4213732182979584
340c6c2abad6db6313de7e8fd3365c21b9f7d270,12.763966699439113,0.6011688765321429,0.5263296961784363
344f0c221a41779a17ac47942f5c561926a0d68a,10.786697634968297,0.4806500321000682,0.6477236151695251
34942e34bab3d2758bdae2220b5a61415bb971c5,13.603604252573362,0.3672258214870243,0.5057395100593567
34aeff7c6875e3fce6dc60a13a49e0887fe8499f,13.208109729844537,0.5774743020051482,0.5841700434684753
34b2ba525d7671e3e946009997cfda83a1d62bf3,11.47268574507356,0.5868636494189957,0.5922454595565796
34d1fbd034ba61434c70fd705aaa2c159f33a7da,14.687686114878339,0.5595460394880019,0.5358288288116455
34ec75347be19c6c6c96964fac95fc4779df72a2,12.996979775345581,0.5557030208514135,0.5752590298652649
3585f84546a64323188e32b78e5e90f994fd2373,13.805781159729468,0.5972788679823989,0.5292164087295532
35a1eea51015e1ab2f9028b075fecced3f9fb07b,12.904912549054666,0.5343108047381989,0.5202012062072754
35a4308d930126a47ab71bf2477bc6aa3242793f,12.946914503278304,0.49243857073290503,0.635878324508667
35c092fb97fbf3ec12f6af784219bcdff24d8348,16.677278760969557,0.7310541105910264,0.4261598587036133
35fe53d1aeabe1ad8f1b81f4b142f078c04ff92e,15.160276506743246,0.7637351288928721,0.32289057970046997
36437d07964e85f166e3171cf2577ef001e59a27,10.464922109480039,0.45537872554831954,0.7058369517326355
3644c12a697c0ec0702822979705dc234fdc7d28,15.764292074050852,0.634046561667335,0.49492961168289185
365692b8372e9beb830286ff425541ef485187f1,11.628307413531548,0.5292539882810776,0.5757900476455688
36b1ca6783cb632c13a44a26e264de3e00ee3df8,12.519792669521554,0.510088025422253,0.6122885942459106
36eb3ffea9487d079a21169dabd927dd9fbc2f15,13.371471237809093,0.42501271522345,0.6259787082672119
370d04e277023f11a6a8bd8e772a8243908ca147,14.00533458128788,0.6687861946901462,0.5483010411262512
3714c86974705328cf89d0057a1f35f308e3cf4c,10.876438070246843,0.5477381706894793,0.706348717212677
3720e99404c75bbb7128ee940bc77ecb39183f1c,11.407757590846044,0.5179141597369742,0.6006293892860413
372a4c614aa93247d34426563af02e41372cba6c,11.555123611694471,0.5339296986642533,0.651599645614624
374717e48929801328dae4111dfc3ed1036409b1,11.758077275309528,0.3917551030920512,0.6436347365379333
37c86f29d27e1348db6891a82c50610af9a97074,14.007382851217212,0.6731213997719929,0.41311827301979065
37d9c4fca0213eaec9ea5cd58ade1cd58a006927,12.620154447698773,0.5572957060578985,0.7384507656097412
37efeb5f1bd131a60fafc3a2fe7ec5c607ddda3a,13.306531168710666,0.6000058004446255,0.6066730618476868
381826a99d64b2704ce5f46a8b3e3f3043f96c85,14.526020734370022,0.6168725983453041,0.5003132224082947
382ad81d92732ad3f63a69f4861eeb87a8cc4ef7,12.207699836509986,0.538741637302037,0.6477065086364746
38799c4919ddbdc8397c272e795a546144e7b8d4,11.871830634693385,0.5875170034210192,0.5684647560119629
38814f8c0dce21d10e74be220566cc486e195291,13.72941667977921,0.6849852014131804,0.5141281485557556
38b2db8fe103ea4839e38ce828cbb1441dca7844,13.899439337007333,0.7016944272602464,0.5523865222930908
391633f8b954a4c396369d813512a3a5830607d9,13.141173452134755,0.6012184558680742,0.606180727481842
39968f515f5df08d3f0ac4a1919274744a43508a,13.141726441490446,0.6002818735814384,0.5730867981910706
3a01d0f73cff38130b4296f32bfd6a411058c3cf,15.020914986960994,0.6967678525465328,0.5349125266075134
3a2c85609ed43770dcc7fe08ca1929e433a398d0,13.518923564840733,0.616241002507585,0.4888944923877716
3b09681b9550b67b565fc241889234cd57f5e79c,13.330928966644466,0.6461547272499313,0.5634462237358093
3c05450340285db09fff9200de630f9804d3881c,16.948284060607083,0.8785108805962304,0.4207727611064911
3c0801c6e1e3caebbed08eeadb452ccd3d9df80c,13.971279568701426,0.6391528064045056,0.647124707698822
3c0930a5904768dde21913efd1948886e24598ab,9.695884842030718,0.4328242301558907,0.7132394313812256
3c09921871aba429bb67a30dcc1938ecc6a7e668,13.374977444849595,0.5236903828539775,0.6251116394996643
3c0d507b1344b25f25ae2d82ada88ba2ef392a4e,11.265114475303815,0.615458982285965,0.7282127737998962
3c23f991559b205799ecc3919e50e0ba44ffce10,14.120885890711094,0.5423426625918588,0.5837066173553467
3c6d7ffc388acde8ea4814d617667f10dafe98fa,11.34001644923503,0.5447200126059294,0.5463646054267883
3c7b63b052918f35d1618ce9497941d7b387ce34,14.750794808514183,0.7706112492432741,0.5296054482460022
3c94e1c45d02226676d791b5895876ae2dc72562,14.062180934001908,0.5380387958615683,0.4304944574832916
3c9c334a5622d742bcbaacdc7fd1ecc16e3af259,12.094940957043907,0.48876646963844017,0.648624837398529
3caab01b6a4712047b2499ceb7d4c670fe908090,13.652562754676413,0.6080833317276727,0.5490398406982422
3dc4a48d43e113cf257da259fd06b2aa4ed33a38,12.97466473606384,0.5280416818444927,0.6486322283744812
3dfe41e525c13844ae2bf9408d2553ab0a9ce2d4,12.601824771978071,0.589255759265222,0.5815814733505249
3e4fbc396f1d496c59fdd86c6bb74432df648429,17.971009144660094,0.6232459992446743,0.3107162117958069
3e7d552cdf64fdc42b1c91344d2ad8ad29ee0ad2,13.054059539947712,0.5494238441749834,0.5620100498199463
3e801ce9abac2913f6430b584e9b0a90b8ea6035,14.483197462820103,0.767873301685461,0.4466378092765808
3e8e8ecfc3aa90b456d7fefaa190d1d5171fa9f2,13.620409127949484,0.5627806848666094,0.5960949063301086
3eb551dbef9ab2162476237e0bd8c3cde0f7b12d,10.995339776896977,0.5279609269242194,0.633103609085083
3ed2a747793c6a908be9d07bf4998e5c9f53a2f1,14.114537455841571,0.6525276353683033,0.5318467020988464
3f0f535d435c8a7c4a79a3706d45da37de929988,14.065024255664314,0.5923705833823276,0.5326641201972961
3f1a0a4f65f5358fcb457b13f5f1edf1250b72a2,11.023826333440596,0.6389485234181754,0.6406230926513672
3f200090caa1f6856de582420fa930feafe93ef6,13.791573976419617,0.6772816920761122,0.5543761849403381
3f2cd335974b90c6b28ec14fd4942f0ab48514f2,12.282166653274107,0.6502119722677414,0.5500986576080322
3f5104af8401f6fad4c5a20b3b8bbe165ced4adc,10.890312326795543,0.3703836620381588,0.6839451789855957
3f5f8f71d06408fbe1ca4a8d6dcd811478f79a0e,13.0936531115339,0.5371439674338173,0.697151243686676
3f6acfacc953854e4feba3b9fd329454099a0e6d,10.30451698262112,0.3926030881314267,0.6084153056144714
3f843f75aae2a8225e5ea0d16982653471a9d599,15.766149997738543,0.5486982620663928,0.5341061353683472
3fb755fd3eb82e61a131939d331878c02ef0b929,12.99180314265122,0.5436307882213608,0.598142147064209
3fca8303d042e32c1bc36e8d6a4f7675daca4c55,11.407551931553108,0.5134006327544544,0.5652293562889099
3ffc48a37a3b88ec709ffde3d7ea48e855ed5d62,14.147113873521057,0.6722676190334961,0.5417491793632507
40140e8598fd41b22cfb0678b200ac115da9ebc7,12.416675303538774,0.48375161357309615,0.6242149472236633
408f5917ff5760976d7aa6ecf522ca0113500d9e,11.206352108113162,0.5210425806939946,0.5961097478866577
40ee372a3f399ba1d77f2a5cfa0151cf60fa29d0,15.22805291208109,0.6761119644356436,0.5115444660186768
41a5edb383609bf8255bd323c0217f8f6e1173db,14.766055089226985,0.6279024976762341,0.5332262516021729
41dd644c2155ac93369a83b8d17236dc64731929,15.257770071508416,0.6119205648269219,0.6293149590492249
422482aff336df60fe0a04322dfac689e0a32edb,11.823652971224163,0.5465070554649115,0.5813820362091064
426e254e62876208f72d24b336dbca3f5542ca6a,15.599356786884886,0.6692117658294832,0.381626695394516
42e7eea7aa489e25ac5ca306c6fd9d87b8f0c514,13.6790733680399,0.5437782846357928,0.5575592517852783
433ce1d75e1680b9ff0620bd389aeae0c9ed531c,15.95950485451855,0.5717127386750896,0.5667067170143127
44007afef827c6c1b457542c4b79936cea2a99b1,12.186655461619996,0.4985275721786145,0.6496131420135498
44454d85ecb7568691123d52539ff9dc5d15b338,13.832363681280068,0.5793078837243827,0.6344227194786072
44591814ce674c53f5f42a5248124f679527be0c,11.233057977439639,0.5390009031746318,0.6270586848258972
44808b1a97ff5aca96b34c1d7c4d0f98d14b168b,12.997949576031695,0.5856943927262358,0.657316267490387
44dfea98b8fdf0eff3b376ec2c5bb897cec3c41d,10.092276341932196,0.5291392043397566,0.5730038285255432
450bde785d3344441252c2c70d9c7015abf0fcea,13.582155484254644,0.5716236333650541,0.5104541182518005
45253c844dc198b84cdb583c55b4fcf4b29dabd2,14.068598967431395,0.5217603954919162,0.52793949842453
45782462f654e16f167464307e0f4bedf0a76bb8,17.377214174866584,0.5912693912760667,0.5721492767333984
458570411855c227ff09bf9efeba2694fb31d9aa,13.053351447201365,0.6628987236251453,0.5600215792655945
45b7e98300106cd2459f53590db0e1ce27f560db,13.51124499111997,0.6015609955913088,0.4698379635810852
45f3daeecc73b620309e27228d2b5b83c6211ec1,14.367040306958184,0.8667252567005854,0.44038957357406616
45fdf1db79414f5ea45b5cbca58aca7e1edfb04d,10.38333055696907,0.5444962791683078,0.5861915349960327
4667c24ffba11dc6a9e5f46fb9807a5622536811,14.034898938233848,0.6139818342460774,0.5300465822219849
46a2c53c35ac282e34e2ade4d9d586329d8661d7,15.663860063048325,0.6658084632404727,0.5110629200935364
46a8cc9cb1556cbe2535584032612e2aab04a719,13.188425575395629,0.5147034092402367,0.6196935772895813
47cb61e20c3bf40125633444fd90e7a182fe8d74,11.050935220273326,0.5287356136040098,0.6206626892089844
4842e712536ba17c713446e6e6438ad8c55b7d7d,14.347343419361716,0.5382586418582407,0.4482732117176056
4856807ac00ba2c1ad8de5f22888f5cc65a14b80,14.72784019667937,0.5175235236265389,0.5763338208198547
487d87b013e7f8e1d10dcd153af49950f538f89c,10.902476548881573,0.4234157785772228,0.6595880389213562
48cccc58b0bca4b653cac925b177d672d64463c4,14.106960235894269,0.6493796490940684,0.48241621255874634
494848d82ffc01ec0e6ea236e5b871f2865c2aaa,10.777648189690048,0.5596114363521357,0.6204690933227539
495c2a49784d025e2bdbefd6b286602b9e8671fd,11.698544937287075,0.49895432799430534,0.5948154926300049
49ab9407a9b58828c3cddb9f7341ef7d88f799d7,12.214760389082866,0.6506937498463822,0.4981539249420166
4aa572c2b7d96b9d392d12c2fc267f85961551a2,15.765734771549686,0.8049281077074104,0.5796428918838501
4aacb83dec34b250dc72928dcf7138494de32522,14.967998325971399,0.6176840594455796,0.4973717927932739
4abebee7775128961086af0498cc4ab36c307361,12.456876339364044,0.6929688334908137,0.38177356123924255
4afc01198d06151325111a5a8fcceaedd0524763,11.079530341554262,0.5486865624321199,0.5602620244026184
4b29f288b604630fca8f52c47bec316cc81a96e7,14.281137500931942,0.4546184827376025,0.47288069128990173
4b758ddc6f80e264dd65b343430c49f1b137a2ef,12.354919200611452,0.5292789881123823,0.6229961514472961
4bb6b82f8ee4534d5f69259231d324a8b3f59214,8.85645842132991,0.4230751751665957,0.6720846891403198
4c7b172c0263c4a807f2d5c8b869c23d2c489697,10.100232932553121,0.46205631900796007,0.6466535925865173
4cf8d4a5804ff9df882c44e9f18e96d7271acb1b,14.22441247024749,0.5716004618944829,0.5568908452987671
4d045efa705b46251c054fdb6bcc8bce6647b855,15.036717963663829,0.683347519942473,0.5364742279052734
4d45b6cce2155e0089f32f9550ac7020ae7bc2e1,11.745985382524491,0.5818630907711215,0.53489750623703
4d6e89ac50b9bb42d1708a753c66a9c9dcc4c656,14.384216429445642,0.6011918510788808,0.5550087690353394
4d77e0b68ec53a14f35d304df2473c97add14230,12.798375370599398,0.7516102095227377,0.33807480335235596
4d7e5b5f81b7df2801013925fbfa299254a0acdd,11.553913618387933,0.5048355538429021,0.7243776917457581
4d812c5bca68f71bdd5b370a8be3a5c544aec741,13.747819845463523,0.5667836725347667,0.6604461073875427
4d8429f68a070dc760312db7afb375006851af13,13.143357953280026,0.6350544088322359,0.5907912254333496
4db0c62dc536ac183c7d7036a560a82e614c00f2,11.427577418116746,0.5582387976152403,0.671312689781189
4e7845781d453086107eeda062336c297630b653,11.89181245893421,0.5954934316240701,0.6037411093711853
4e78d5afb038564892a1cd171142925615ee2439,13.647550697448494,0.5491625227179289,0.5575692057609558
4f4ecf01280b96b8094e31ddbd7fe468802f0581,12.671578807895791,0.6057260065629225,0.6144871711730957
4f57576a61a0caca831452a442ff4ddd4aaab164,11.354726303799048,0.44751976710835967,0.6245250701904297
4f64795d514287a6cded00054a4d79677287b6fa,13.467945671163033,0.5250167527101305,0.6244617700576782
4fb1bd719fdf3e085b41fac44b2ff23bdf2d7250,14.773502744280322,0.7032966841513965,0.49427345395088196
4fd42b30eb0172ef3d051d378dd43d8e7b853958,13.608993635291412,0.6031430623940676,0.46329838037490845
4fd9376a8084b6a20d38813713d1da3f0b21e177,15.257654873426361,0.5263792996153184,0.574018657207489
4fda5c34bfc287efc68abe66e6236a652e5acf1c,17.068600153307173,0.7064802165874783,0.4019128382205963
51053b4f0db606e1310b3a2c2cbd0a130aa8e16a,10.218460040491573,0.43050609701997167,0.6741772294044495
5183b666ad1a12f48f033ff7aa024dd7476dc434,11.521147519283652,0.52160571701855,0.6220250129699707
523a21250d1ff43d356e42d37f501f3a77fe9dfc,14.98840645888891,0.6902434307235321,0.3951719403266907
5249e0be92cbb7a24a2a3604077c2faf2304869d,13.633769412793104,0.6400173891807652,0.5564248561859131
5296f727f00a6f98b7542b767fe7a25614f97333,12.005782926307019,0.5338655413931576,0.6438542604446411
529bb08b209f976db1dd09a228c793290aedfe99,13.231426535780162,0.5260123764845556,0.6219624280929565
52f26ae468f38d021453c2a086b964bd9e517c99,13.430276617451451,0.7547960499254281,0.5819775462150574
538624f3c58a5fe2b18a14cc45468ba80e6fb91c,17.43214640791545,0.7371577895585965,0.46359169483184814
53d798f36b2e60d1380693711d4b9807b31b0a92,16.302412456303998,0.6383767860344421,0.5022072792053223
54285d8d1ba4a7bd843b08306e3f430348f48881,13.680112462963656,0.6293582058648085,0.49374139308929443
5468539d1e7a6b146bf81136e7fa37cb0dab68e5,12.76896467919659,0.561944610127847,0.5639669895172119
54a19e544f9de4a637986fba817d8379ef551cf8,10.524830460927978,0.5191803562566746,0.6348063945770264
54c05209def1771b6347045b6e3e14bac794e279,10.362786709806686,0.35242101412477594,0.6710814237594604
5575a7d1b2eaaaf2b8d5ac06d36cbdb6c044741b,13.278269020830603,0.558276400416279,0.6149588823318481
557c1153ad4084091849e5b20b229f74b512b08a,12.634142215793705,0.5382031485724638,0.49514394998550415
55a4296d367357ec938ffce952732f61c9960e56,14.88180351176537,0.6596084459376187,0.48581427335739136
55ff923ed16f5fe6dd00ada6f84b15c99d69d447,14.920241702964743,0.6424065381730425,0.5696077942848206
5650b7104cbcdeaf02cafb58aa9a67fdb9f0e042,11.247103470033027,0.6744626527676484,0.5891419649124146
566e75c816a7a47a6f195d0b795854d9939811c5,14.598711556772566,0.4871408907700873,0.5946002006530762
56b2a29c1729de97ffcdd8baf2a78e54c355fa91,12.724786105157806,0.5667679191507297,0.5677269697189331
56b89cbd99c28dd7cc8cb55be21c724fd77ada31,11.60799536619233,0.4468860081208755,0.6345157027244568
56cc360c5899b21388dd19960da65e9aec26ff18,14.65644446995247,0.6674999637187335,0.5372286438941956
56d91c46b0dd0a23a1a43d63087508a597e54620,13.9712856322497,0.6395499194055252,0.575036346912384
56fc0025d0badb4e8eb50a74da6ab69363720c6c,10.62406267991852,0.48511395632248905,0.7279492020606995
5791a08fc5c8917b97b811ba01f7b3674d40f5b7,13.794963643494537,0.42124442581074867,0.6351650953292847
57bdfbb691f7b30fd26493b1c606582cd079f6fd,14.617710452653368,0.7129322432085269,0.683979868888855
57ee8175cd5988ec8d8c6992dfd282573b9f247d,12.134202590531963,0.5162515359177507,0.5236542224884033
582a3c8469c949f7a38cf03510fc34bcd5cb7eac,9.519966798658478,0.40899282338466464,0.6795915961265564
587915a20cb6691ce843c328b8d751f57e57a586,12.774345383733278,0.686299086153892,0.5535674691200256
5891f496935b10759ee736f80340b97855e88b98,14.259828096759362,0.6197992939481499,0.6175903677940369
5906aefa5bcf73b1049d4c32f79f66bc6a1406da,14.425867890147684,0.6300073958858673,0.5620759129524231
592433ff38eb07ec20e09cec2ce588ddb4aea2ba,9.529784142080489,0.41748855217463854,0.6544381380081177
5941796cbf2a36118035cf249ba2eb13000de710,15.281529014662079,0.6783786178187264,0.5392905473709106
598d2871840516b2754b0d4bfa67b9683955a88a,11.73304314486174,0.5124027605871776,0.5521963834762573
59e9ae34ba7972ddf9f7821761c5b8df5f85cd32,12.076987850934167,0.5896577854655064,0.5512863993644714
59f34966173615f60557cace5cfba4012aef8ce8,9.988280138957206,0.4566986832165989,0.6296359300613403
5a5fd1f625b23168e7145512c2da91d3a56acdf6,12.124163203180595,0.5038543279961881,0.5397374033927917
5a94851a919e6bd6aa81e4e8b788a452f39ca2d1,12.457528554583448,0.5501209752266397,0.6505334377288818
5a98e3ef010027b3d8ce8b68542d0ce9b926265d,12.503822531948467,0.5187451208423126,0.7016055583953857
5abbb0e5a6d606659c3eec6b324bb7e069fd8815,13.958260125483546,0.5969405385304869,0.4837900996208191
5aca531f67f4677fa7806f13b01df002fc3a1db0,13.481412711583559,0.557324055102487,0.5274050235748291
5ad65870fcc2d9b33c2da8022c27fe7e14d74cca,14.545880100421432,0.6619803940647139,0.5310090184211731
5b228e1dbe2260f2388b3814855d09db57b5750d,9.502457460500803,0.5196991045615361,0.6161348819732666
5b443f0f499d550606239c8db663c8273f5c8799,13.38616649214064,0.645692802065453,0.4043576419353485
5c208facbc53420205ed608ac2248dcba15d9da8,13.562589296158038,0.611678017197573,0.5423924922943115
5c3640a0dec301e50d73c980c138f5770d33282e,12.49309489993445,0.5868620475620271,0.508668839931488
5c79709dd684105d424a8e35499d9412248bcc38,12.837431675470363,0.5535621056745316,0.6499350666999817
5cb019e15c6270661ed1ed49b708181710b0a006,14.321288566633699,0.6048573219534136,0.5266291499137878
5d0c8464fd83f8327fe07dace4c839b3e389d6d3,14.941903386975032,0.7035020363170156,0.5286215543746948
5de2412f82d306f9025214a76495dc6327a5b177,13.025813650986413,0.5928456720135163,0.4479445219039917
5df8e73cf678104ab0e5bfbbc1d8ec5bb905df96,12.85922116145819,0.5767188811920801,0.6148794293403625
5e1c14bf00eb2c70ed7a543f5a69a78a460c5b99,13.780422331453721,0.56845231394898,0.55317223072052
5e2e1d015f1285ecaa22fb503c2af66dd41683ae,12.23817724278959,0.5772673163002701,0.6461986899375916
5e3582dce0e72da883c87fe006ca0a9759e42e40,13.997498905706557,0.6089143002187014,0.5316684246063232
5e3e90cfa6d5abb8bf877d7e1e69fe6312c7271c,14.366688407093255,0.7189108453647014,0.525841474533081
5e8af542c06b70c8daf05a5e2007b822e0570379,12.72878564034821,0.7787602249771899,0.4177771508693695
5ede57cb7bebd517cb50cef41cfe5b39f8451d2e,13.131044641792585,0.5453330181702462,0.6381806135177612
5f8f946609a1bc0f2d4501c819f8b93542c62575,15.927293502556346,0.6460201834841016,0.45416927337646484
5fd415ce9e7c0f7fae9395566a06f9c0fd0958a1,14.349294311739147,0.5522032194074692,0.6033150553703308
603bfec1c157f1a5745d9417b49216eba962e421,11.462483713533755,0.6613911515448373,0.6830249428749084
60aeb3c4f3b6a25943d30cd5451c7311ef336f93,13.614671577865439,0.5267651811205138,0.6143631339073181
60ebd069ce9246dd0f61fab3112d1e79fd35ab0a,13.180497017021155,0.6630302054895139,0.48439139127731323
60f5f47bfa2673b0b674c8a7cc9d25673733d834,14.705630701404397,0.6163700467453214,0.5877287983894348
6157625e8bec4c4d946581073b83a57e140ee556,13.776011431309751,0.556673674651003,0.5189564824104309
61e0e39f51f761f8de8a2ad7ab9c0d90e20bf8d8,13.409292583953029,0.5411882217208902,0.5228527784347534
623eb745672614a4e48f5fc101301b104081a129,11.855098172363409,0.5952914801000552,0.6587244868278503
63322a74be16372eeb4c79a5645006c1aa232bec,11.764332896979916,0.4839979563013286,0.5849053263664246
64082a686e590eff2625794b1925252ae7bd93a0,14.438077950894128,0.680882963492362,0.571610689163208
6423ff8cd4ab2b5958f48bc5195f4f841714a870,12.142187301045189,0.43831408882281736,0.5913954377174377
6441a901ff944fee38d8d1b11d3302ffccb1d5c4,12.490385567019825,0.626021044180851,0.556248128414154
6495fe17243332d96c8aea6e412c9986d68e059c,14.311004620855595,0.7671669274286078,0.43066564202308655
64b24a1c938fbd1be63af4f7b50893242a684baa,14.097324738184803,0.592634744479047,0.6352865695953369
64c33e2f30aaf6a22d6f59461e1e953cead68423,11.206734784352877,0.591900153415521,0.5458706617355347
6551da31e10b4f9f4439b0ea3e302534dc5101d1,12.447934521672078,0.5798087750522217,0.5463358759880066
65a3ad7ce6ab17c5ae7ed87916cdf66353ffd699,15.819544427533103,0.5785653060874526,0.5261579155921936
65fb1ef1f0948d2be289788fe8de68c830d54a6f,13.161333200585814,0.5587306333403678,0.4466484487056732
66697210fba7e9f37413e66b3ee533a125315ee8,16.421547027878876,0.6166932837507396,0.5546201467514038
66f079329e4f72adb1a7f178a1a4ea8b6558a8f8,14.99292340688015,0.5413795357455107,0.5941213965415955
670128133094740a783c651d3a6d4fc29fe39271,12.66654968774638,0.48349060071619615,0.4803355932235718
6717b965087b695305a07846fc25a964668a85a5,13.848354335110765,0.7200883318206007,0.4765872657299042
67314670c362c29ece1d3789dfa2f27225790447,12.606306960660906,0.5477495323879624,0.7031359076499939
674e4969e4ae26bbc7ac72e3534e0dbe5680d732,18.93786778714536,0.7678375845687806,0.33874285221099854
6752657bcd18c70373c833c5aebe719c3cdec54a,13.48372115907958,0.7026944797880658,0.4195447564125061
675e68514f3cf4492098adc1a47a0b53938a66e6,15.493912378718342,0.6910899561057552,0.4452105164527893
6796985cde93043f380d682ba401da6310e6c635,12.55368320893717,0.5151911135572055,0.5405952334403992
67b3c6132c7b2653aa7130e29d8ba25582d6d4db,12.876877206323648,0.7217222197362182,0.5629255771636963
67d06d030f4bc9924a98443716df376d9b35d112,15.311849282204612,0.5864963332305626,0.5610927939414978
67f8844d685f71ebf6e3b3618456ef9a0fbe0a78,13.158044880966823,0.5869703425384651,0.5673428177833557
6860829a35591244095e2de3df398ca489c01e96,13.104412328767648,0.655989331419661,0.5411426424980164
687bd3f6e0478a8409170112d67c3cf33bb40902,14.042195791631242,0.5632968753296614,0.59702068567276
6990ec1f93fa03b79a87ada722e9f3fb5d80f593,14.28736705689855,0.6569905971472004,0.44475889205932617
69bca19b87ecdfdbbffef41275009d63ca5a7308,13.422133748517435,0.6408067064089313,0.45134443044662476
69e90722c4808294e5a5e31a01d3cfcf9ef4b9b2,16.002695133484664,0.5213373725783391,0.5342785716056824
69f88865923527c05c5ed5316a51c779957de722,12.00012594004134,0.5791981020431527,0.4994756877422333
6a4d85a7b2179c68984599ae330d9c142ded087b,12.286988604831208,0.5293190306291846,0.5538743734359741
6a718eccb35dc187fe27532a1b6fe64b61544afa,14.561488747435332,0.6876561777276127,0.5274314284324646
6b1fd2fd6d235741b0e3b31a57c52b8292bbb00c,13.942603550030146,0.3750249897638785,0.6577264070510864
6b9acf6e0de19b4d377df62d426a20b00874198d,18.056115766656873,0.7893371560447496,0.38081973791122437
6bc196f8d43a22e688bff83585f6766ffd8a301f,11.745232831003836,0.6492212821385256,0.6435052156448364
6bf44cd1c5db0f14e2be1d969b4de592bb1dd9f0,13.019236706385511,0.5029052025454608,0.5947005748748779
6c7e6a7389934882752a6c756e800a27c0529fe6,10.604111030684107,0.5636203238828918,0.6099646091461182
6cb148871e75904da115899b4406b760459876c7,11.897875361020315,0.49204962977543576,0.6261034607887268
6d530d128013770e226fc4e370027e19d781bec1,15.53477230642356,0.5939967798254773,0.5211324095726013
6d5cb1c19918da726301868ca6489726f2f4be70,12.343490715276568,0.5809896171965666,0.571369469165802
6e3ce2c7b9a35172995fe5a918628597d42871f5,12.257449102351712,0.6405361778238041,0.5600224137306213
6ea48c4c176518d06d7b0a3f24a50ca0cbaae8cb,11.053880510617297,0.6178725354038336,0.6486631631851196
6eb00c428cfec86b8ad2f50d847fd0aafb534104,13.05381417530736,0.5251814439885187,0.5246110558509827
6f085e8153c06c0ec5796626f25ca3ebdeb1e623,13.687521767011855,0.6773316426076906,0.6222887635231018
6f0bab7c409b5ff8679d38935f63e9b8b9af2621,15.528387550845896,0.6997387894448343,0.3497602939605713
6f5fc6197040d7ea2db564aec449c617c298f7dc,15.639514092014412,0.6748914078459455,0.5146052241325378
6fcca5f73881240c820151ca648d4b57caea9114,12.46607529233325,0.6570840937171748,0.4920431971549988
6fd519b96a834c42218fbe52a2bbee858faff4d6,15.748788919952581,0.7470759753854247,0.44315826892852783
6ff80f584a8e1b4c507506c4d481659fbe4bc86c,12.222966144180623,0.5935841613668624,0.587483286857605
6ff8266f6ee251673ae4db140e52844e967952bb,14.304794815991226,0.6737330070038094,0.5479177236557007
700e6f1125279fab1f5de7dc842d7af6e2ef1af6,12.171038314821805,0.5577074751689733,0.6442258358001709
7018308c952f48b94f74f72bc99a4d46721ef12b,13.24682701156104,0.6227987046602932,0.5882608890533447
707f43d94a7f92d9226ddae91a1fe4e13f4a3004,13.81746623118033,0.6888072927854384,0.5263059735298157
71e36b9511135018c3054578604b4662e74170ec,11.170225966133936,0.4507850853450511,0.6157954335212708
720ea965b24f6759453c793fe0943be11bb05c87,11.253771272657074,0.5166745669293485,0.5548341870307922
72b2da48af42d3f2f701db9442b72399cd50367c,11.937597167866752,0.5103628844344584,0.6009361743927002
72ff17d45604c876cdfab146de974d884dc73891,15.186877616571122,0.7135254212040557,0.47572070360183716
73137455a5c9ad14244bac614d309732690b7f16,13.920243562576838,0.5820481016195483,0.5447603464126587
734ac7a2c6d312273a33449f2b00408407ba529e,16.088508029266663,0.7781623321512802,0.4002598524093628
73cacfc86728890a00c05c18424171dcf79ef61e,10.756456658169453,0.5008537370689287,0.6989667415618896
7411b7761d1bbc70eb27b59332f7b85f4ecaa0eb,12.9863515217932,0.5978517851850483,0.648289680480957
7510abbf328c25867a490ec5582c8b2238640cca,14.338939166492512,0.7623483631314288,0.5811089873313904
7523ad4333954c7632989519c50598cf138bceb0,12.20425233434794,0.6100816117008533,0.6407396793365479
75d2b47a1e1add1b5a82977db7a3eeac41249ae1,12.555967528443082,0.47754285408288544,0.6490521430969238
75d9d388f77fc6ef4c785e2611a5d905e883e6f9,15.037301171108124,0.6297368126027912,0.5196109414100647
75e456d63de9a9294618012305f5e73ccfbf5920,11.795068819591945,0.7133046169723031,0.40433967113494873
7635a54058341ffee1d798696590d53a85a95588,15.545178450062656,0.6833194725070579,0.43381467461586
765095f85b381d0ccc5dfee627d96b2bd9c61f04,13.618921011770624,0.6383959015672097,0.5185763239860535
769a4fcf72edbd48f26827cc23d510e05007d851,11.8300340602962,0.4264262702698549,0.6316131353378296
76acf9675d38fdf70d2f9b554c232d780ea83208,13.008662833075153,0.6906211540343586,0.631377100944519
76d7667fa6857ebcc60f9333fe3435403ddf2e1c,14.70412291729782,0.6541638126429499,0.4944896697998047
76eaee3e93071df6cac9f95d547111a62f946b26,14.936679953545411,0.6075783326569332,0.5364722609519958
76f61b7e56b41ec5ae4e3ae002143146c711c769,14.344756748256948,0.5880688348489476,0.49359700083732605
770384ea6edda0476fce6ea087c17818844e0f9b,14.174457069318562,0.6302920138646216,0.5886989235877991
770a88ca78ed0f4ca875a115358ca5fd2754f93e,15.633432666971647,0.6712231275427731,0.5938357710838318
770c762184ab23a162d0700ccc65a773e85696e1,15.276883801204415,0.5604539096789588,0.5516767501831055
7719b05b0a719fd7adc3f8cb0b49c7d720fab811,10.722767641712235,0.4925712088346929,0.6573715209960938
773bfeaab993cb5cebca6b7e138cfba556674491,14.80814104373229,0.6386637788582786,0.3928166627883911
77718b5a4878af56e1e69988d031fc113791a552,11.992886841620242,0.5689832300494818,0.632340669631958
777301f951a15f340f19587be055b552b381ee52,15.07860171656408,0.6471774676019959,0.48680442571640015
778a50a3794bbcb797f2a3b6135b65c2068ccc56,13.548385359320555,0.553275057943199,0.5534184575080872
778b9ad21b5af61aff1a8179fb175f6f0045690e,12.493649904141954,0.4952441625845326,0.5407336354255676
77f42dcc35095aa101dfce6402b9f01d85667efe,14.234135220544296,0.6532181542641597,0.4877854585647583
781c9387b57dd912b44895c567e6c009e4c8bc13,12.72532792029099,0.5972437051278586,0.4960360527038574
793d2c4fde08610872b4409ead4b3925ab3ed6da,13.004926514268558,0.39665246358839706,0.6174488067626953
799393a8fd16e9cacaae462813fe98eb864dec3a,13.036530258134356,0.6651061371040988,0.4109627604484558
79a42b22640111c5411dd538cbb673037969d137,13.945034419860363,0.6491255794739824,0.541224479675293
79f0eefe44a9c30b7ba34d1ffb2fd83d072b1048,10.561031885436762,0.36021242115089686,0.6415849924087524
7a2c4f59d0d6addc1d65f1b0c4dc48332a4fef23,14.039863206354049,0.6114925944813375,0.5639148950576782
7a3147882ff2bd407a96c134eda23c07add41316,11.91746022092547,0.59498717134061,0.7172738313674927
7a9ccb205f935f81a13530cf65cb0416d917da7d,12.228441663915916,0.5533733454922224,0.5789804458618164
7ad45f12d5a922c13ec7a8209c9bffb1f17e1675,13.426968258323146,0.5050508353926847,0.5554142594337463
7af03ebb28106708c510e223dd7a6e53f424de1f,23.067359924653566,0.8830973159481759,0.3154723644256592
7bbd2de631b7fba7f90c049430c8b97a30b629d0,12.29844041188829,0.5646417820693047,0.6244935393333435
7c6821d20af71c59ab45f748eaf8216a4a646c81,11.261219968027609,0.5677184793112587,0.6752827167510986
7cb528fd2f9a1b6bfe767877be5c733c13b1e0f8,13.375018905681678,0.521858750981671,0.6188774704933167
7d1bd780b2035e047b3861a34a022c4c2e1c4d0b,14.157438276989279,0.6449336441599169,0.5198231935501099
7d59d71397ae5837cd410a5c71eb37dd490b9194,13.750555189076625,0.5264312996160156,0.48848384618759155
7dbad7ba9213cae24128253133bd4ac3dbeb7292,12.6072027356734,0.49134021544842305,0.5705952048301697
7def20b0dfa2b558f998e0c708e91e22c4e4de06,9.234799301396864,0.6326917045544408,0.5062933564186096
7e32e25d16f092d029281951c6d60da04fbc9e16,15.45260566294482,0.6943771580694235,0.48150745034217834
7ec5017dd4990eed44dfa5740322fb8693258b3c,13.023316734299637,0.6122099008984728,0.583240807056427
7ee15424df510e130f58e40a3293b79d2f3af611,11.910098195695086,0.5185362702077495,0.6126440167427063
7f2213ab39c01ff714f923578458662fba5509ff,10.67920497380862,0.5044523025881006,0.6759524345397949
7f22cea795318dab30635f080b5cb72cdfc59b85,9.856329512273968,0.3804039699414791,0.6389052867889404
7f9952a437493c61df1600da0d4b090f8a39e5a7,13.21629961261539,0.5936369666947542,0.6382408738136292
7fb65443b558fc6a9e3b744057f592b50854f4ad,11.049887436037055,0.6300546433454711,0.5216571688652039
7fc736064371c4c985c57df198276c536c25f3e2,9.951591920481516,0.7020499322135422,0.526868999004364
7ffc8304961d6acc64b7316198c89627c03cbe2a,15.909050964263775,0.6516081448436828,0.4461645483970642
800e52f6921e507586b036eac0b48f76119a4664,13.062947901635004,0.46367883550050526,0.6304689049720764
801eeddfcc5635427ff91603aeb9b79b98df3a41,13.109944689546854,0.6028801952774578,0.5934868454933167
806aaa08f7972a1646c95ab96905ee2f04be4119,13.434090653536607,0.6072804105612772,0.5432126522064209
808df6c0ac5da0af1d9b97dc4256d3b10a2b1f45,13.156209208534976,0.6129931833975345,0.5709393620491028
8118b61b60b3c1bdbad7da11d9fac8261a9a136a,13.2536668393978,0.6000195683283805,0.5685054063796997
81558f05b54cba5ee7916d06a956eef0f80d1b2e,13.455260494521426,0.6158170522606367,0.5767218470573425
8192a5d123ea9d3fc6ae45592ba2451df487c280,12.654769565357194,0.6135215432014752,0.5867294073104858
819d71a84c0a1023e30a51de90a1795c032afacd,13.6789410826555,0.5812439950339845,0.5558054447174072
82028e9be46a7e7614ca494a8d6daeedc5692a5c,10.958114156336151,0.25208091564252594,0.6377773284912109
8213146b3fcfb38e47472a75edcb2c52f52ce59d,13.906407504160416,0.6175112308038123,0.533324658870697
827c5b45b98538ef1488cd6de0d40060338a27bc,11.970015251783892,0.5859942482509001,0.6142653226852417
8300814357d1fa16c6c1f094b046c7dcce1fc382,14.277912236935936,0.5972569531547137,0.5431632399559021
830499470ece90d6f1ad5403a15a0b1c3552359d,13.672930408243747,0.6220899333376501,0.475808322429657
832a6cd78ab73a8dacd332cc5c726f36fbb94ca7,11.654612135422788,0.4563858629069016,0.6132903099060059
83b3ffea83abae37862a34eb0e494b524ad14973,13.462524924372591,0.5501349378186197,0.574298620223999
83c5cf82769c21a989c2e592920847943bc7f434,11.269731683338012,0.47976498469334433,0.7191109657287598
83f6a7524b4d2d1a9ec0951d4a79900e712209a3,15.909609461103969,0.7104361123537676,0.5456340312957764
843a53af3a3362722ddcbbd3e1e66867a3d97b73,16.03002992739684,0.655825012638094,0.4690701365470886
844bf57243e1457172a8424164b28af49d673676,11.627736248245519,0.6064221423304766,0.5268926620483398
8465ac1ccc27a0c896ae4314b1e2d392831cf070,12.155641775805204,0.5724616266764069,0.632757842540741
846813de91695cd7c0b7071b24a1c94e8bdaa3a7,12.212402241896061,0.5989606247448589,0.6136475801467896
84bd64f625e8ddc05208228e7c1c421f94934fd2,12.772155292348195,0.6318739405224023,0.5111602544784546
84beed3791e589634a2f0226c4a50c7a4cf64105,15.16112323096622,0.7113328235438002,0.500094473361969
84e3ca67fbaf68f6517d9f1cebdafde2fe826d5f,10.20880383563238,0.4085650145823661,0.6325481534004211
858227ad90845b84e42f30f9f1985e7ce61d3290,14.277040441156162,0.6263496750168209,0.48690786957740784
85a97f10f7d64356d644eeb6aa5facfb08d78061,13.752184729253276,0.5418589695402539,0.5902297496795654
85ad74620347b8c2e4443bc72afa592f29103717,13.407979004620952,0.6129663200107066,0.5407696962356567
86122db20f4370ec96524afd2153e76ca389e76c,7.534534009498507,0.48475937695976085,0.7463034987449646
86518f88e581472e46497f890d81cb650870a2ba,13.310169624763287,0.6918543689216335,0.5104345679283142
871f3baede7d6cdf52f095d5477db360214052da,12.936081766474922,0.5868044186287347,0.5622255206108093
878f9bdaa1b8d927ad8ef9c1492626faab991d2f,10.164845715371733,0.4654353831646893,0.7419790625572205
87f75972fa03771bec43dcc480e1ca664ee81d4b,13.928120078207293,0.6156094132841415,0.6238813400268555
87f9876f3e07be148fdb90b4062ec1e07cc9aac2,10.94606179351182,0.45541091484328194,0.6860257387161255
8956bd6654dbe569c56e4f4a9943445c8b65a223,11.01852890978624,0.5397208520066025,0.6616286635398865
896dfe187dc9e5c5342d13498ea91c4b59449c39,13.370124681539238,0.6827180250831782,0.5197426080703735
899177b252c2567136f161b948b97e296b88096b,10.98557378819927,0.48137667291668745,0.5463606119155884
89c8684b1412d316b399fd7020b2298b7f283905,12.055540277036334,0.4834487873130176,0.5790628790855408
89cd797a8900a7054302ecadd6d2e15030a8fb49,12.573949757767606,0.6013796519239449,0.4640956521034241
89f90bdac4a55a383d2064d14276f870e20e1793,11.49731894583885,0.6381316260626565,0.6094383597373962
8a42600fbb3f8dc2fe1ad126327a655c07e3d1d7,15.714998725860468,0.745572540562347,0.3616487681865692
8ab57e25016abddfc1720c472d6b00b325cb2557,18.52556611568043,0.7460900624787027,0.3383462429046631
8b1ebdec0cbb92111c2547c6caa4839af9511d37,12.020829571953897,0.5253617841976895,0.6417273283004761
8b6ae04405ca20e4660e31cbffd94fe8703a3b1e,13.428660461985602,0.6261901226797587,0.5841391682624817
8c07bd6073977858089a5289db23a2051b9896fa,13.978930962637735,0.5485268887137716,0.5724529027938843
8c15e0f4e4921cd4aaabee122f402585b402376d,12.744081196737538,0.5857400019812566,0.6392652988433838
8c58ca20028b638433757b8997f766d93f0e3cff,12.233136044070957,0.510379786024319,0.6289306282997131
8cbba25c2f011b04eb65b0a922811b26f1210663,14.069523777328673,0.6784727732363279,0.5812563896179199
8cf3f9f8dc7ac81ad2ec4e0c5aa7de300319e2fd,15.197319477221363,0.6308174974278947,0.4778952896595001
8d2fdc93339c950d962dafb69e11aca307fdc952,9.69043888553241,0.43325350482913433,0.7350049018859863
8d3e7d0299661ad6de9b6ebda8bc89c684f814b1,12.441428288024838,0.6415154087718545,0.6351159811019897
8dcafc523caef6c14e5a69d124274f818859a449,16.653556022161982,0.804713968224735,0.42390763759613037
8e12f944ec7980f9e5bdf6d133ca37210de84697,10.26505778885122,0.3942229615805677,0.6580012440681458
8e1d20b96b562a896d3cbd576c7fd5156dd2fb19,12.610827626280033,0.5252780451790321,0.6443094611167908
8e4f19d4071da20c94bf7d76cf87929fffec5640,14.88324542641023,0.6130470229990926,0.4929088354110718
8ed713f6ca29241eb785a675dff709e4dba21737,12.083326513538779,0.4454191992317893,0.685401439666748
8ee1e69d527b57177817300581975971b46bed78,15.816407730272616,0.7034160765050378,0.43694600462913513
8ee8c1a14de516d29e2ec1b76330d3f86cf6c727,9.897873898694051,0.47667525699726965,0.7345538139343262
8f51687dbda89bc6b94e1d96e83e8d9b6d3f7b9b,12.077269848146436,0.5370286783671125,0.5083884596824646
8f8108853b8d262062fa3441d7d3cc8a0876d338,12.132619852232903,0.5758156906250187,0.6244738698005676
8fcd1e81c6a5b0b5a7d5a14e33ebbd167be01d3b,12.548528085743676,0.5285897462430688,0.5775485634803772
8fe1a3a233c40497a4b4d8c71ecc3b27539c8176,14.096437356445461,0.574807780482996,0.5806223750114441
902c73f54fa4d4e89b061d2d87bd19b0dc5f5695,12.674695334677724,0.6324832332698709,0.641825258731842
90b854f1080d322369df6dfcfe27153659a63fc3,11.831012138697297,0.4453375604051138,0.7225432395935059
90df7a1b156edd4a068bcfb2f16a5595726f8327,12.739276377900815,0.518842516553148,0.5517847537994385
91717ce407b296450697d297bd7fbac92df9d5aa,15.007261441810552,0.5598312489796765,0.5065101981163025
91729d02ba2bd2f9a0354cf27f8420b08b22328d,14.505052676098153,0.6126987629539417,0.5429115295410156
91a3e47f68f8084f43af26c7c566fb377bbb96b0,13.790992362653828,0.6329427017144719,0.6560856103897095
920356e6793a2178ae773c17d4cb873fcd429927,10.294068909645404,0.3791632347296052,0.6563912034034729
9276017f53ec4e6284287dd603e6cda7a97b73ae,12.641511300120525,0.5843892161048255,0.5429349541664124
92c6f053911d218c81d1a3b79940b7f834374f3e,14.844341808923412,0.564432358597409,0.6214638352394104
9361c3d34ced42dc06e21c346737479722095427,12.076059165903281,0.5094706457278879,0.6595937609672546
93d2158855ff73324eb472e068308136324c37bf,15.584963265020022,0.7256005135499125,0.5192810893058777
93ed633f9bdc3078ee8d8de7a49cf84da46996cd,14.90777830687744,0.6873578599128973,0.4655454456806183
93fd4efebdc1e7860fb96de626f731231e8e4c36,15.939185798617014,0.6442564409076775,0.5265707969665527
9409d07926eb8199a7d9a936586f4b65318279bd,11.739347923594504,0.6573079823140348,0.559973418712616
94ef646b3e0e37e60aa3a2ce2fd79ba7e7ae4230,12.21919833248833,0.6060571976677017,0.6055805683135986
9533f8d70ce19535d22770fb00f64a40782fcf0c,13.056641149337246,0.6051460462487809,0.5971462726593018
954a1337cad70d1e04731602d8959ff649037f35,15.58390649004301,0.6919476846562679,0.49484047293663025
958177ef8c6f3d976cd041bd542b529050db0e82,12.004682413184435,0.5642965586660007,0.6151483654975891
958990e5f5a0cd723dbf4645e08d7cc2a3ccf8b2,11.105378135738492,0.5436077570140748,0.5599526762962341
95cb0d0e1822bec26ad6d8d06303a2f21b88d047,17.92215969338232,0.6858567763354907,0.5063574910163879
95cdfd21ce1b1ffa45a45b987fc3665081562c1d,10.71865197319643,0.5731356564053421,0.5928804278373718
96c350d15f7953dc5971d781612040ec94973b36,12.584610877261573,0.5860862471900328,0.6307965517044067
96fffaa369a499da4c38fd4382f673ebb1285102,15.68983256484487,0.695301696137394,0.5820320844650269
97306eec2fca49a450f6e393af9e66b2b20f6361,18.43679450487884,0.7593868650767216,0.4042615592479706
979f6878279eda2dc94b40bf0104e0e4b6c34caf,13.282392378815251,0.6484356945032372,0.5349900722503662
9811e902ec402f03e1b99a264073eccb1e1e58c3,12.334593624902183,0.5612506095871276,0.5678932070732117
983bd8ea01e3afdb1b5ef7881e072e6f2181c6ea,15.980678537476301,0.6733391376138149,0.522523820400238
9844ec682a5201f9b63dcffaae668a54ab419fcb,11.309204986519706,0.4502421422040584,0.6751046180725098
985d5eb5f7a96e84b2bc899f760a9ee76c8f40a1,12.817946296501752,0.4209088964578023,0.7343742251396179
98659a03daca8bade4dfdcbd3c33c8cbad2af832,15.012598660403999,0.6857821235434138,0.4676867425441742
987b4279b6a8e27569a920fdfbd07b73887bdbea,12.116850537865506,0.6332467107903544,0.5645884871482849
9931cf9c7e2a67a8cb4c9b4903a60e2af8f7986a,17.422878055344277,0.7347640965887763,0.470908522605896
99397349472856db82a46cb67cd0b7323a6961b4,12.659148758932645,0.4934929597547843,0.4678240120410919
99681733880134c01d7ed793530018260885e771,14.701542045084908,0.6430450602637947,0.5375261902809143
99a544927db6edceb59eaa587798c9eccbab77f0,15.223667082872549,0.7708677532023284,0.3278135061264038
99b272ae23876c2a554b2b4a5a584bd7cb74d330,15.447029524632157,0.6787892656930636,0.40586376190185547
9a686c5ed491a3f0657c794d4f68b371271186cf,11.018851249480274,0.44198280078954877,0.5998793840408325
9ab3680955b1ce2a0a14c02fd7335a8456550f8d,14.696480203368367,0.5602991454285337,0.49014049768447876
9ab89f64b8d8dc611044eeb7560d458a8871afb2,10.794582253169459,0.6334594079670707,0.6663752794265747
9b787a60ac516e5b1327ebc8185125af8b498326,14.046596115028809,0.6050678339041787,0.5360655784606934
9b906e0eb80cc58650f78262fe1fc29dc719a34b,13.127484537303689,0.6821812774866327,0.599073052406311
9ba581aa579c1798593f72cec3f50d8a7b7faed5,16.475288770736412,0.5954004273221597,0.6089372634887695
9bab92aadd335774f1aca5a24247d19eb27140b7,13.915221122697181,0.5610448187586907,0.576256513595581
9c4c9b50bd80892d1b3525fc05ab34c34aadfc45,12.399693776919666,0.6149376039399693,0.6036866307258606
9c50cbf0e844bfa247f4f7fe9fdca4938bf97373,10.30514015984627,0.6005363158187489,0.564401388168335
9cf64973826474e406cfadab433bf2644a57d552,14.393319151619252,0.4704543036036453,0.5086750388145447
9d0081b5fe07f9709d2952a1774e4268fc080cc6,13.585824768174948,0.6729791499706811,0.5463610887527466
9d10bc457d40e20f1c9c8736d23c4f7f01675e12,15.589939305966912,0.6012061096773555,0.49225977063179016
9d3d8d63769f9c2ba667025e8176d32a2dbc2503,12.1229137647871,0.47183515780677204,0.6196291446685791
9d49d37b3a8d326f12ad0b7dcd4ca3ed4fac04f2,12.128540978167607,0.5673329197974851,0.5689135193824768
9d7fa32b6dd6f87078ae091280e1c650dda3a9fd,12.31103983014348,0.5202440104114755,0.6070621609687805
9d87f3652c443febf325c5b93f0243589b7f827c,13.502636812753554,0.541873909993687,0.6057807207107544
9d8b8bb8a988f74b1e08fa1c4f3f65b50768d5a8,13.952307359132739,0.6871298264444068,0.5058429837226868
9dae78c6912b98ea92b75d306c730fe86aa3fd61,14.75762835783937,0.597118964661533,0.5682962536811829
9dd98e4b0fce3b9975b348f2e7e8cbea354a6245,14.041792671089583,0.5944759245835279,0.5506559014320374
9ed9491302dbb43c1bb4b49726ed3d2f05c362e0,12.970737346105567,0.5884813141379617,0.6574733257293701
9eeaab321f5e471f0b4ffd75c4b9d8a0e28cc756,14.711836521950108,0.683638416844646,0.5937427282333374
9eecf882eb16ed0b126ce16e94339e3fd1f9bff5,10.856869470193804,0.35006522083289826,0.5657516717910767
9f60fb191dfdf6b85213bed5a8a48632542552a4,13.15736729926354,0.6959759648643047,0.4136037826538086
9f86e94687239a4e945064dd03d52366e56da590,14.02615320076693,0.6074158114356877,0.6301809549331665
9fae027b51231ce2c830c714ede4d942c6bd3bdf,13.009381276580434,0.5713449046122413,0.5746171474456787
a083b853d3edda21b193455783e9739afe0498a8,12.855466995213295,0.582717006428289,0.6333626508712769
a08951f75bfd384741922eb3d49c6758ee1942cf,10.501587314491104,0.44602550072390157,0.655785322189331
a1a7cc4a80a84231abd2a0787d14ac1ba7e382ef,11.160025158256865,0.5860947332329262,0.5955239534378052
a1f93e7deddea39edef217265ccff8eb414a488a,11.817406716273148,0.5733374701473481,0.5732698440551758
a226241384774f530669e3c91cee7ce4690213df,11.954116096749416,0.5024223860758957,0.6494718790054321
a23a4fe7b597b8803ffc13ae273b5259c8091151,14.317279225328397,0.6473963580188197,0.3323546350002289
a25956c536b45e8982aff1554bd863348bc0f0fb,16.533549612420426,0.5320800056423062,0.4950908124446869
a2712c97e6ec4fb3688f8286cca786e4b5b3fc3e,15.274067549367256,0.7529194498031879,0.5123862028121948
a2872fbfe066c4828420f0547c44b6a7c591bacb,13.303772944910932,0.5933058775768753,0.5266411304473877
a2c22731abe14a9411dbd510c4f7580deb0aa203,11.304034399202738,0.5027435930146983,0.6687214374542236
a3559a45930b10c15928c0ed7eee68f2793e8795,14.043810454417207,0.6099035462007617,0.5563223958015442
a374c62e29272ce1ead5f1a92bbf63573225f781,14.867208954428943,0.7636515551610348,0.34633907675743103
a3829acd4a22e559bf58308cefcba10f4e35a525,12.764509876663686,0.5623239854877468,0.5583000183105469
a3e40a34847be9260e6c7664f9b3311a3c5ece36,14.958395347045359,0.6294190911515168,0.637482225894928
a4296a9787d52ba832c1996009b8a30ce476be40,12.920604366294556,0.537172838620358,0.6548577547073364
a4985d9eac282de971dd6378ff89b59a6ed4928a,11.015805211091912,0.6152254857565373,0.6670982837677002
a4a3816397af0f8fed3f914eb5cdf42f5bd7a1df,12.609235370857517,0.6760028962974077,0.528231143951416
a4b646006f40b62021046ae9eed79f3bb6bfec5f,17.02730282622426,0.6295531933077707,0.5831811428070068
a4fc6d88a0e63fcb5a23fd42db4cbedbd5b6d9b2,12.531745171371062,0.5282641964737476,0.6448076963424683
a55f012debab67d60a44f44515eafd46ac3a1ae4,13.256351908181115,0.6596361986022627,0.4930015504360199
a59f89186c7a378e9e3c5ecbbb515a437334d081,10.58880634190784,0.5450513498703252,0.5938223004341125
a5ff1b88639f34c22dc1d8a4cbd36161b357be8b,13.295977872978494,0.5277647139959186,0.6726008653640747
a62ef5079abcf11d9e1112f18a0eac6f4ce3f748,13.651477803998443,0.5670837166721342,0.5398454070091248
a630fe58f48c8960134b76a9d4fe4c5ee0470a7e,14.20961174023957,0.6008009060977413,0.5766022205352783
a6a82307f9657ac4bc8253cf0ffc57d11688988a,14.790805850454134,0.6449462982599171,0.556853175163269
a71a188ca5d66289f415efbf7c7c06bb99efc25e,12.779096158292305,0.5788841922638693,0.48466956615448
a7a7e69c7ecf25dc15cea80259cb4c781c3410a8,11.948267623434655,0.5945309884565981,0.5916427373886108
a7e2eeb1193f4692abbd4aee89d21aca6e783a42,12.362553865075254,0.5460622110975888,0.5730283856391907
a91a9dce20adec8749967beeeccd8ef8b87c8fef,14.207258445366103,0.4239875119211634,0.6294233798980713
a96cc3c1e3ee283fec34b63ff51adaf69c16fa0b,13.4077689227899,0.5548066652468147,0.5384537577629089
a97c336753c23dff09f6e027d14aa12c9a700789,13.075061210129501,0.537156632754839,0.5898709297180176
aa45801759ecf5b190427eba3e3aeecd3e38b354,12.106840623424421,0.5861653340548441,0.4663047790527344
aa48f88b4bd520d3c1c90f9bf11bfa88006073e5,14.107277025787413,0.47870903520848546,0.5894214510917664
aa7c132a8764672f6a5cb9ebb316490d4ecaec79,11.112657933696301,0.43128772703317325,0.7240228652954102
aa8b098f77bf02d7b61135afc5aa943f37689e0b,12.536065368391833,0.6313062693522843,0.6271611452102661
aab9fea4f66de31fb290a7308dd776a097c65263,17.50057126017021,0.7806014146773897,0.45735472440719604
aacaf29cb95e7871f6a80385da3b5e1ecc74d6ff,11.932862162440632,0.5467510972054831,0.6105402708053589
aaf0de4024c34ec7892d25b49acb2972216e0df0,16.0942491712346,0.5769537400850457,0.6135950684547424
ab37fdc9842492b44adc9ae22f52d14cf495fccd,16.068652228375512,0.7386414710497969,0.37085410952568054
ab564da014a5d17a76ed7265a1d9ead8cf4fbff4,13.289501982288225,0.7097306203909537,0.526793897151947
ab5f176fd34b682525fed501532ae83b34efe899,11.49911038821707,0.7030856329355948,0.5446941256523132
abdf25f7a675d34b4d680943b727f32da95b645c,13.277216166153638,0.620035606576548,0.575469434261322
abf4a9942fd7581d7afb46465620fe93569854af,13.199313106155621,0.5242998593099331,0.5379003286361694
ac149c14b326c82c9831c4f724828a93ff1fb424,13.959528058408463,0.7500067320948709,0.42205145955085754
ae1ffbbeb090c8bacd7677945f990d29fe9ddb69,12.407966685636666,0.6260870633482943,0.6032814383506775
ae67d38084708e2d37a1e1ed4c051291f4ca5b80,13.783343420762575,0.5608214737551568,0.6173760890960693
ae6ffb73156f71414c1e1e80e9e533c4b3905187,9.845440728514744,0.4863076497475019,0.6876568794250488
ae9dde07d46ba2e2d31ea85837343fd845f7b40e,13.023520105243868,0.5495487187110298,0.5988121032714844
af113309c9f8ca32c6aa734cda21cc15aa1f0348,13.358059500287808,0.6012143360526879,0.5692940354347229
af128765a4384af68b1d262598ceb74ec826148f,13.38218851239625,0.6227692400075393,0.6339308619499207
af2049fbad5e96bd7b7b6e0d826329197c05d5e9,10.257903802553459,0.5294275832498055,0.6089541912078857
af2c0e78afedfb6a3fbb4104fa9d58fcc8acf4eb,12.580632379694377,0.47398262317044604,0.6725236177444458
afc8d1c399a27e53a36f3c757a0004af2f8c262e,12.54624467246764,0.6246831919859269,0.551876962184906
b01ee2fbc2b805a12313a900d5f49dfe76ae5fd8,15.465093942736326,0.5834111692219507,0.5278764963150024
b086be9f7b0fc93f9801f7b7b0ee2f1eef511930,12.26601609027616,0.5479290569956349,0.527806282043457
b08a0d0fb02833a2328836fac7e90c51313d925b,14.599022192028329,0.7492851906009778,0.4110005497932434
b09fac6b0b26d18ace0aa07153f02f0d39a6b774,15.255210058818028,0.7848448749458509,0.4299401044845581
b0e5efd14ded3641ade3a7d59b4c62c8c45e81ed,10.600488027511902,0.41768902042747563,0.6989874243736267
b0f7bdaf658789dab8f3cba43745af2e223d351e,11.675590523684157,0.5758778760340159,0.627703845500946
b104f4814ba8208451797a705b09aa15745a7235,10.944559998554169,0.5768466793645225,0.5403745174407959
b11163b3ace8fcda59eaf030c0f01d0967c797f7,11.232031744533693,0.4644357716966326,0.677249014377594
b125280abe9aa093c81bbd99ab06c48722bc1fdc,15.34338681357318,0.4764840265154204,0.6009213924407959
b17680474b0407bf4732db4a6f91a33209837052,12.176642843140291,0.6311263976893081,0.5017373561859131
b1bd1226a0bf83ebddbc03473f96ef2c5ff49c16,11.573817542784798,0.49124079286396666,0.7272538542747498
b205b0673fa45c7c785a5f5d92200b5362e5415d,11.672137901186936,0.4954889949036107,0.5759665369987488
b26ee5410c378c798971e5a278af0420013b9e8b,16.227599809698148,0.6516226226039211,0.5693303942680359
b2b85e1bfe688f0a0f7bec098ff4faced320135d,11.943653657861601,0.46856745127622207,0.5885058641433716
b318c44f3151622f99079374f95199d1a3101661,18.54003826495359,0.6458010083834016,0.5002909898757935
b3b5f3932c0ba4014a93ccb2a0f9ac3101278bff,12.101930329614195,0.6162465874654041,0.6336003541946411
b3dd972a3e69492e77dac308760a654c0eb21a35,12.198658713839528,0.49279213616742146,0.6092115640640259
b47fb2995c8d78f554429946293ed2c177838f89,11.329313954065178,0.6036487749889058,0.5583930611610413
b4aaa153dcfa10e4ee4addedaae9e2fa6c7032d4,15.030850357541281,0.7477032333325901,0.5232301950454712
b507c99abe6367f0af6a45c3e440073f5061e098,13.246639676823786,0.7215894068763387,0.5698792934417725
b59773b5776c3fb33d78bfa8c57ec3628bd82d6d,12.37475798947251,0.5362294668022568,0.5781300067901611
b5fbee2c344156984f0bd96480adf731574038b1,11.998642930006604,0.5115546807322465,0.5349285006523132
b635c5b191111103d78dc2f401ff8e0080371623,13.24043065320804,0.4728272448435769,0.5908243656158447
b643aca05d3e786abb88b6c1609625c186da040c,16.935616559614825,0.678906038182299,0.4233691096305847
b6440e2c5752591716c276526d15de0875173ab5,14.792714282783162,0.6010353806763624,0.5697899460792542
b745a8a83cf3bac7b5a98157dd12752193be7949,15.52254513993294,0.6669035088077298,0.6387466192245483
b78300bf2c5451101e7858ddddd4d805e4588484,9.975041389371196,0.5683354478377857,0.6836021542549133
b7aaee5d323fa468366fd31dd0f4c2a59d8348b0,10.886314283480026,0.44131833319901936,0.6588699817657471
b7f35a481f8ee6f60a73fcc85201ce1b0b644c1c,13.172875358442322,0.6536554400987228,0.5538183450698853
b85165ba73408f39b5862b161487bcbf00ea8b11,14.155930411956652,0.7024217600029089,0.4905818998813629
b86527750e48ddf4c97a6ef51e6e5843518b7440,11.04958845870074,0.47490355318469973,0.6535165309906006
b88d9f2ba31171b1e734f31aa968c9a05c04747e,14.93717258288907,0.5503091990188121,0.6401505470275879
b8c9e21f73929b7cf86858516d60630107642f98,10.525281349254174,0.4992577907025229,0.6722611784934998
b91dd43fd997861ceca1f793655ed494b4168c1c,11.208983274309306,0.41879639672879426,0.6466978788375854
b9e969506d2b83974d8d9c00a619915a71b0a442,14.943710270366175,0.674833818523967,0.47117602825164795
bace37d4d2b75aad97c11c05e00f035c93cb84f3,11.694084160292435,0.4952485188208861,0.5851233601570129
bad9115ae3db45e947f5818888b95f8050e59221,12.292123153709099,0.551881940565782,0.5774805545806885
bae43a63181d40a4ea4539b40736721e1004f4f9,12.788038490167967,0.6927950874035251,0.5488168597221375
bb075696bb5968f81e83adeb0db0c52aa9e11082,11.903845957879447,0.5324054228063305,0.6202146410942078
bb1a9afa157ec5095e392a5792b448e1ee58468a,15.523480399970804,0.5888694864129547,0.6266255974769592
bb75c5f90b4e6d18ba9d2c96c47910eee750ad18,13.414086266688424,0.560154703477993,0.5982404351234436
bb811838c8403f46b1cf01266e74fdb2084a4f93,10.859602714907023,0.5936525747551142,0.5981487035751343
bbac35248d7a582d44c14f79d0448d8520fc1d1a,14.180584818521469,0.5828438339216077,0.579816460609436
bbf4ed741f738979927d714c707b7b41d27fe0cf,10.51584988273411,0.48885032031120174,0.5856155157089233
bc21c1356774978947874cec2a38f56964f92a41,12.026737238171608,0.6319119677035742,0.5092707872390747
bc36671db9446a8deab988d0d41f704416ed8e8f,12.935625014212032,0.5609562031940171,0.5927345156669617
bc6f073cb800cc70f31e361f4a39ff1488d875a7,12.755520043199999,0.6789111106289968,0.44751089811325073
bca0ad289e477feea8b0461eb2b26615254d9a53,11.79757965525024,0.5297225812739107,0.6764128804206848
bce0f35214bbd802dc5dbe01248a5c785713828e,14.002053858906967,0.5547353019863444,0.5016511678695679
bd020923a374341ff95972d8e957d01afb06a64d,13.569703682879465,0.5728768522812641,0.5326972603797913
bd5dcf09610873626ed527a71b7aaa351ee64be3,11.592127021475964,0.49756753932121806,0.5958263874053955
bd806b60aadc6c5a7283ded926b17ab7e7513c26,12.739895345954455,0.5154403196241152,0.6834064722061157
bdb60b5b3b3d2cc8d294f66332b5df09a908a66e,14.641252240011902,0.6425535346018546,0.4908117651939392
bdb9a580631bba0e89f6810c7570e2ea4a05a80e,11.271791276380917,0.5046953721401857,0.5920119285583496
bdb9ede71a403eb9e1e1636f7f662fb0258114e6,14.938202473905058,0.6293676742944366,0.5117398500442505
bdba89cde86bc56c685e48de6c541cef62756a35,14.089527675663117,0.5907667267482016,0.522722065448761
bdd75e91eff59aa4366a79826578fffedb10f755,11.478521354176783,0.6730842110171894,0.5690812468528748
bde0ac1f404abcb4ea0ac2df3d53b5863497f2f0,11.851738344513807,0.5511496190605532,0.6131983995437622
bf54e19996b254e986935ad7bfbf157c912b620c,10.686072089074978,0.50860897138323,0.6618990302085876
bf76dd25c8af8380ee417db6af52f1a91a6857d8,15.515394853421752,0.6391572564397726,0.540802538394928
bf7b74ca6e7165cb4ca73810bae46d7b81a2cea2,17.08352192742851,0.6874839428321606,0.4728696346282959
bf9263804034828793fc8ebad8b34e4b7d8d232f,15.883468921309433,0.6602961262227088,0.5392901301383972
bff2fe35c46a89cc203d667d2de1f191212725d6,19.800507802098906,0.8299825079843496,0.34214770793914795
c00033840a241e1b57bdbd1e9d0829f076c4e558,10.92681916560931,0.5964472090334251,0.6078832745552063
c078f662ee332c55d47291feff55519cc0186fea,12.590275162578994,0.5961901587786819,0.5657418370246887
c08eb2528913727e539ae9d34f863b828954b214,16.880124076841703,0.7186893963810145,0.4320160448551178
c0b80edda45c19d77a54a1e8634a81905ba2e22d,12.71346109099511,0.5653000783625042,0.6569569110870361
c0be8ba511b0fcbdac1782ffb0f4b6bc8f474ec2,15.00403467991571,0.660161281652654,0.5540156960487366
c0bf27c0eb996d555b2a21e88e561ef481006b22,13.055095993182587,0.6597126676212057,0.4386085569858551
c0c74a6ba78097e28b454bcadef058edb1b50ad5,10.320504706474301,0.4823548053922484,0.5469372868537903
c0e3ad8c180690bf422e61005aa8688c8d4a295d,11.061950189094112,0.5077590828575146,0.6344017386436462
c1659ebd45b33416ecf745afcede953f223473df,13.974329625714695,0.5299547921807641,0.5619936585426331
c18c2dc18b2d018e6b9d983b8ca4bee3cc0c18d0,13.418946043929772,0.5769626129997217,0.528683066368103
c1c7ec2a8113f2b7f6bcdfbad13670211410b850,11.757276711980605,0.527956715627561,0.6009787321090698
c1e96e3a6560c2758539e571897f5f4a2f92eaae,11.184500084881616,0.5540085569837873,0.629989743232727
c23f72a078ce0e0714f82a4e9c92a27fec1630f8,12.343609415116445,0.504585647547333,0.6234545111656189
c2862ccd34a30713aa6be6e6cac9a25350b7b798,12.029488128545815,0.5119826264463051,0.7073625922203064
c2e694d2a7d6cfa1b10469ef4f48ae78fede88a9,14.26841673932561,0.6719165548720504,0.6300224661827087
c2e833b8c3a6aba1dde0b7ea334b2f014f2206cc,12.187898752209225,0.39372133804796144,0.6541798114776611
c2fb7332e1931d1862c7d60f27b09d20d8d763d7,14.170972582803712,0.5975036652061757,0.6441597938537598
c3120ac17a4131310038c92bd406d1ad6ebc8cfb,13.612364508573677,0.6665034284764353,0.45599114894866943
c319084043ae2dd80a70ec46146086118fc24e36,13.880527659186546,0.5631643811003474,0.560356855392456
c33c2ef5c345c47a309728ecc98985a71b8cc880,14.190680629733665,0.6423394677669386,0.4463057816028595
c34afb6819c8efe0db45d65d4840bc2211e2d49f,17.638546445862914,0.6596578489106757,0.43365857005119324
c3668902241cc543f85b303b8d4394b4ba1867fa,13.84679115227507,0.6535866000022624,0.4735926389694214
c367f5ed9fa474e476f881c1836c1e76b47bb34f,14.031649565512925,0.7213799196438253,0.48251938819885254
c377a2831c58ab99426e8a5c2775a89e184c6a16,15.01400692522683,0.5331311239115972,0.6053241491317749
c386777799bf5cfd334faf932b41e3e3f5c83a64,10.805887160488709,0.4997106721812911,0.7299549579620361
c3af637a9b130247c25b10556ecf7b7468ccc3fa,19.92423538586462,0.7741043724255846,0.33405378460884094
c40e77f8567a872939a4c14c972311ca3722c539,14.481154852194283,0.5539030221760676,0.6216233968734741
c429b5f425e9147515aaa6142ed6b77c2b1a6d78,14.525945586363555,0.600288318372333,0.6161996722221375
c46baaefb1af0dac373c801dfa80cdfca10ac2bc,12.819598294204253,0.6308364625270652,0.5945209860801697
c493703622e70ce73b725acc09b9be0f7f619389,11.467225013899224,0.6344852351759334,0.5970453023910522
c4aa2692fcb0ea16dc5d6086db6840a0745310fe,11.83365045838377,0.5734947025040696,0.5369923114776611
c4b3ed1fe1c817c79c45f15d53a33f1ba5491d17,13.0843202783794,0.5331073430817519,0.5886199474334717
c4d34db9fde51bedfc034f5bfd7b198c2ba01c8b,11.656777981446893,0.6131380177711268,0.6006964445114136
c4fc90e41f9e6ff0548de4836c407276584a8596,10.977800189424054,0.43193139353859206,0.682076096534729
c5e5db1a415112651abc6c25d7ad35f924d9d309,14.499648255164752,0.646354750676743,0.4927278459072113
c6c3a7c3e5399101c8744c151cde5717b83df91e,11.402859172782955,0.4486160995268335,0.6304172873497009
c717db50074b8511322347967a970dbd2b1957aa,12.470739471190042,0.564808931243733,0.6507180333137512
c726c54c8cb88778a1a5ab8568a1bc3a233b4e75,12.129818867763902,0.5267364610604657,0.6461343169212341
c73c0ceffc579eae887902cd91c3cd584ca48ae9,14.411878423818365,0.8252475003128682,0.5126047730445862
c7698badaf24e231bd6d9cb2f6a990e685aceb9a,12.11163729949148,0.6021179407281414,0.5560781955718994
c7aca1d91e4d6be8f73cd5204fe5915ede75f0e6,8.53213215946892,0.4925839917639914,0.717984676361084
c7e6eed013f84f0eab2296ab2045dca6e07ac44b,13.517418523219929,0.49741829199717874,0.5321696400642395
c8507138d11ed1a4e1e8e023bc2777c776cb3832,13.490653095056935,0.3072577641194761,0.6364896893501282
c85aba887802db9d42c3d59e1a9a51cf813154b2,11.94854250524957,0.44676232200821847,0.681746780872345
c862b7989f2d06b477388192c95f5ac5db72f920,13.557538676816204,0.6527883570820621,0.5709837079048157
c8a18904e5ac35d9c1e4bed1fb40115934015b01,16.2214168088776,0.7347835976991877,0.5100107192993164
c92f12cd0c6f866b2ca1bb6ff86cabec688e21fd,11.790825856967345,0.59506502010447,0.5752268433570862
c9f7f266e800fb84b66bbcd16d6f36ccceab628c,14.071707687784423,0.5419059593032955,0.559909462928772
ca1fc1a7b268928d9dceefd5927a16a48471c28c,15.6275343136035,0.8500794415830395,0.26051339507102966
ca278301df8f051d87d35fa05dc267b37f73fa6f,16.376244485731,0.7133745648177778,0.44847387075424194
ca441659374dcb298dda64b665af265cb2520e1d,15.652406679219393,0.6571505667044065,0.542664110660553
cac548a804742cb4752f378fb5607547c74b14a4,12.730366953060884,0.5755583446537806,0.6010975241661072
cb1fd5eaf787291212607db9cddcaff6443633b1,13.504129347595239,0.6537081819033274,0.5317111611366272
cb5fd4645f2d8ea3fe05a06e1353d919d1207567,9.210234999838644,0.45580433977304097,0.6568307280540466
cb946381fcff4628f3aa77f224f46a40f2df82d2,16.544705244915527,0.7549893842031364,0.28697526454925537
cb9983de3324528c882a3f88388a5fc2b880d6cd,14.256610590783037,0.644841421743205,0.6226773262023926
cbac29da4c496f9555fe094b0fddf58c9f4a2d12,12.512805706468694,0.6873287048009294,0.5073327422142029
cbafd0f408b7b61b58907e7763d90772ba25d6ba,13.044414616667888,0.49100822030074537,0.5336573719978333
cbbf6d3105bfdc8091e795dd2b0f857b1252b238,13.095633676698132,0.6206278241201919,0.5553665161132812
cbf3fb5b73f2cc4befa10034e4ed600b381016cb,15.92657968755514,0.6991760081750118,0.5460768938064575
cc149317589af2b11a2cb215af913d181a6433dc,14.840161743274447,0.6100210121528283,0.5361241698265076
cc4929c191345c8c49b07e3b7666ad8f5a7574ba,17.316187369001696,0.6411561825386078,0.501388430595398
cc5060087275f5635860367afd7fcc799d2108b7,14.08932360936986,0.6093342597556276,0.49534475803375244
cc66ea9263299954a59705d7e3675956bc85bb41,10.53513020419123,0.4080277079779953,0.6995129585266113
cc78e37f3d5353d18561dc8666784fb00467e180,16.019012319090315,0.5580081745964401,0.6350969672203064
ccaf2f9efcaaa9de514c5a35a7b9fe73ff3a60ca,14.3450344407528,0.5578919750462473,0.5004392266273499
ccc8161e560efb93572b8141a442c99e6f551fcc,10.62653453039719,0.46313087209676135,0.6325933337211609
cd0adc3510d592f09c6c19448ac6f2053de5578b,13.833448838335373,0.6524837055627423,0.5079607367515564
cd24c32fc09f3a50aa73874dabb62e0eb0befbb2,14.550256838775473,0.5760586714321654,0.5454170107841492
cd896cb31e74c3dea69db2c57ca682db373b044c,13.637476556830626,0.7031823072296856,0.5709007978439331
cdbf21b02fbd9d13650e82162981bad629efff3f,14.11219533319523,0.7566227188670291,0.5559297204017639
cdd517121ab62f3c9ed2033834db9c7271adb5e5,16.159560090024353,0.6715261087886736,0.4145337641239166
cde0f8f03f7f2da4c1d7a30ce9e96fdd118e5955,13.119826278495207,0.5297393142183217,0.7168121337890625
cdf375ee150e8f21f0f20cefe808b9427023c238,14.922730004410026,0.5578178944086064,0.539007306098938
ce03716ceeba3a8a42ea3da8529771865f9688d2,11.913249682965567,0.5347162032416735,0.5731443762779236
ce6589f525a573eb0745639c6cb7a1bd00affbea,12.451987437067217,0.48570145262639847,0.6404595375061035
cef21827253eab8112c550f21783825c8a9f6419,12.0830919450677,0.45088030540849405,0.6441186666488647
cefd2cfda816fac8f48ab26a155146eab286a852,15.779149251026936,0.7849456478679636,0.2530166506767273
cf1ef3a2282156444efb6cf71ffc91b2d2d61ccd,11.793370874481433,0.47955610542186383,0.6778692007064819
cf38b4da6c8c300d043386becc1396a842d7e7eb,10.3908284074252,0.5238169520662105,0.6063124537467957
cf5d8ea1a2ec06660889a08c5a7a2d56f279c9d2,12.604721716726937,0.5084752387736405,0.5849987268447876
cfde49daabbfff2a7c602f97cead76d1169fb446,14.016231215469466,0.6631803985714332,0.563924252986908
d05bc8675e2c3813f22e25ed12a24ef7343794cb,16.5513709882162,0.6899630678665464,0.4954853057861328
d07b8fe108306aa430108cc931123e6a76d41198,14.563370321405781,0.6642457817276656,0.41732776165008545
d12962fada0cc4ca453c7502904ede2a1f3b60f8,13.011892746290084,0.6814081190643936,0.46570685505867004
d1805ab2e58866bc90116dc6436652a7cf2021d5,12.543618482916855,0.6159658901007056,0.48511844873428345
d18bba6b7b9e5ec855de232f9015b9b4d2bc5d03,16.099583214357402,0.530432649275746,0.5749180912971497
d191cd66c1ea32c6121fc8c33249326104a39cd7,15.883930347127372,0.6960212480502103,0.5368950366973877
d1e68d49b0660489eada1460c14efb2f0b6c1e35,14.337313181922141,0.6275717563647464,0.5000331401824951
d1f9dccc3cdbc425a106357dd8bf2d89e6af8a5b,13.250783565219512,0.7008627720428392,0.6288912296295166
d26dc52f05e311bd2a301a60518fcea66ecb99a5,13.8328299140193,0.4159600069504366,0.5598554015159607
d2c539a4e5ce2d9f2906fc1a0678e57200920dd0,12.708214009345447,0.6774747742226955,0.5517897009849548
d2ee42521922fb0a352a15d275c6ea13d423715f,11.495787945444665,0.7247631185291078,0.5760257244110107
d30a237572118ed48bf381ef52e9ae791f7eb186,11.776642549132823,0.6222364310237672,0.6634749174118042
d30c921125efae59bfb27046470541839ac9eac3,14.499339429669396,0.7184242284871091,0.4764364957809448
d33d5e93efdbb91b9d45dd43cf340cbaf47a232a,12.088351241889894,0.7689497968719318,0.38963446021080017
d33fcd80b7c4e88106cb9e0720ca68ad8d740377,11.174088471194185,0.6295295936902137,0.584784746170044
d3618d803954fb7a7baa3cecb0c14b4d5172c10c,10.895402284466007,0.460016890371596,0.6805753707885742
d3694aa19924668b9b353edc655000a3f3a37f8b,10.220376907677661,0.47869621369383947,0.5949476361274719
d3e6a9fae7dfe1e3ad38376b82221ad095d58599,13.530915085033886,0.6359184812500506,0.5416805148124695
d4dbd19ded2b9f798bb7e3a62c3eae2e4a7d62e3,15.81678559533209,0.5913981786456525,0.37197747826576233
d543934fb49a54f18b88735ac97b33d8716c7ecb,12.769097131690742,0.6603090672665519,0.48147743940353394
d554e6efdeee10e49591793cd80ccbfcb7e410b4,11.33530799167692,0.5296221045116732,0.6795809864997864
d573efaf706430a83bffb63e3f6fdf9a97927978,11.813748101513667,0.4878906423331391,0.6042860746383667
d59e12e21ffbea17aec3280a1bb7e049ce1bba45,14.073491643176514,0.6457728383912701,0.5430168509483337
d611a9319042e0e7a88ed2b8bbbdbbc4794a142c,12.471664206592216,0.4460525295657098,0.5759055018424988
d65984f53a23b5ade9cd16a28818e4d2ec071fc7,14.58945725788456,0.6065687121529264,0.5469000935554504
d7031ace9190a0a3a5a9c077fdc7985d4dc383c9,15.866414841682923,0.6973170544071677,0.39968788623809814
d71d8983d824d451f51b0290f8efeb2e1c1b31b5,14.41181246959135,0.6382462433144838,0.4820900559425354
d76852c4d366a48f49d38ebeeee27649a5d1c59e,10.518763288020931,0.41559319098016284,0.6076518893241882
d76df2b571aafdbef346f3cbb03c26fa4f2dfb98,13.9597863207236,0.577319960052431,0.6360948085784912
d7937f31969c314a1c075eee56bb1eb1446080fb,16.317258035727967,0.6688203670180983,0.543129563331604
d7cee92c2897efd7d63c04c1a273273f94307470,13.752189588777783,0.6879588446198079,0.5283156037330627
d846f2956f6cbece95f7d7454b1f708102f4872f,8.514496122902326,0.43924503579178803,0.5517179369926453
d87e497e9ef700be7ac2bfcda70c725f91270b65,13.067237034249919,0.6193784930261299,0.47795629501342773
d8c671278e23b1d562d89988f168217ed921a200,17.174384266109467,0.6382385292590763,0.47861236333847046
d952fdd07d40e5143eca6df693e3e02c0bdecf68,14.366207251198237,0.6039874652253624,0.612713634967804
d9d0e712995fcdc3e502cb6dc6f8b3801c5964f2,11.517673696060225,0.5475253502825354,0.573261559009552
d9feef354547918f4ae2d27f06ce8a8280c8a9d7,14.135453537290246,0.5294366377842461,0.5653108358383179
da0b124844788d75718dc14212403fdf6da87c5a,11.546808033856466,0.5859600267208497,0.7742507457733154
da133384164fabafdccf74e2cb1516f0d8b1935c,15.312951419953883,0.6685452340851007,0.5316156148910522
da649b7576a33b36571d3f04af0a223e65e94a3a,12.09110500082436,0.4703035088576941,0.6178662776947021
da84aa5f4df1e87bfa886d9750e21ff6c3fe5ecb,14.402810874040892,0.6344458629791688,0.5550195574760437
dab7843baeaa75da7f07cb5d0b772bca9c92c07c,10.764752728134507,0.5138412344316955,0.7325342893600464
daf5d5185ed7e7fc7aad2eeaf5f60306ec39d37d,12.872429992538336,0.41517010287169426,0.5969889163970947
db117dd04013d819f31d3d6d60d9643764b1292b,13.669544433535085,0.47781312539375803,0.6733273267745972
db3392d74816862b77ef35a95bd4121098600567,14.456993033165485,0.7552346933850336,0.4110789895057678
db8a82d9d7c1af326a4e95575ea80952e589d3cb,11.921716347377773,0.6083995449347054,0.4799337387084961
dba28a281cdc1eed895ad5f8927f87945219ec29,12.065071382994102,0.571128259761648,0.6452263593673706
dc3cbeada36a41763181ff0f7eaa47a5fc1ea12c,14.840790705091225,0.437315634332111,0.6450197696685791
dc6ce09649ee3d2a355cdd9f4a2ebe090420ff6c,12.941888554377757,0.6364751471022942,0.5364853739738464
dcd0fa50430ca300f36581858b5aad0a0116c50d,11.403953317413727,0.47682632459650454,0.6546708941459656
dd249a51ab8d4171441035a5266063cefdc0e083,11.287261481663588,0.5909395345916849,0.5319118499755859
dd6603d528ca9f4f332b5e40a5c717cc2a69a0a6,11.337902607542809,0.6330352567973225,0.5553964972496033
dd9123779e4953ba4d26e02e8e3b5d6fe1b33aab,10.736352063057076,0.42313488583509967,0.6058306694030762
ddb8c68e8ead90671df27fdf6f88abee47d1417c,10.779183345558822,0.5033109367220329,0.6374615430831909
ddcea4c7652f6d2c1a595665c1d51af9bbee6441,12.158134702520227,0.4780829890274314,0.5959770679473877
ddd02e32eaab520c1c02c05e214de815454912dc,12.03743038268043,0.4710146983990859,0.6601943373680115
ddf05496183bac9901e77250d4805fb00e412a2f,16.10084720622753,0.680046884115315,0.4888736605644226
de5ef3e95ca2fd37c899291e4817c43a1aec53dc,10.99294544661365,0.5283115158646646,0.4601740837097168
de6f1a5a3ee4a8226f2509ae60ff9c9e58e4960c,12.65679281829998,0.5000489890984124,0.5758690237998962
decbc129a698f05982dac49317652d5b6f2b8954,14.593274643040475,0.5804712705417626,0.5434509515762329
dedccbfb538ca1ae6243d5c993fe7ca697597198,13.066770598568528,0.5885854159577533,0.5142827033996582
dee8fae6b4223fe02b61b0b1456c7c39d62d7212,11.176130928301937,0.44105312227184873,0.6524543166160583
df25cfb9dc9551c66b46704045128a97888568de,8.686745639198652,0.38647698218742316,0.6986895203590393
df52d8129903a9cdcd66b0fda98e04ededfe9023,12.82261074641774,0.5197204730492614,0.6417845487594604
e018442967ff8d0b835db66e7e76504fac3c021f,17.163829146429997,0.5813191613205048,0.5456481575965881
e0aad2fcf8c2d20d13eff53dd3e2a13f9a4551c8,13.533676096065378,0.6435388420074054,0.5157709121704102
e0b908452f32e2ef1de92acfa3bd15b96ade5a20,14.72236887021711,0.5676131954145957,0.6341127157211304
e1be66273721392084b12a1926938561596f0a5f,13.15089582748641,0.49997159759183757,0.6845223903656006
e1cc39ef474c45a6e665a0025015930d97d237ef,11.262183688681048,0.5458602217622756,0.6227068305015564
e2248307bbcebc93ff1dbb0e9b2aea705280cbe8,13.43610448162389,0.6179567211797523,0.5317607522010803
e27fb4caef88a295513cafbe13b0bf2e71aa41e1,13.487583586047014,0.7431001656339777,0.47320127487182617
e2809ebe9aefdbcfd7b91e460e9de9b77bb75396,11.630712535491918,0.5310408660917688,0.6035153865814209
e2a5e7b6e44a050973d634cc77a09fd2d4442aa6,10.465821984147293,0.6023253873792774,0.6882539987564087
e2c377e694e15fad853ce5195dd88d45c94156df,12.280203277260004,0.5522703058045403,0.6031250953674316
e2cf4b118067c16f5360941545abc55d27825846,15.51860783326024,0.6422104106284335,0.5409695506095886
e2faf76bb64b09888a5bd4610cbe703291a59347,13.39226438906919,0.6217851011419223,0.49599555134773254
e30f6b3f5b188aedba239b45061718eee69c205e,12.613926602392045,0.561747093020361,0.6373910903930664
e3168909ba0ac411e735f1a7ae784e26787f5782,13.742877616073805,0.6481554863779443,0.560005784034729
e363dd188593cd16717f519aa4b3ea09690f79d7,13.678173939361997,0.4840353437216988,0.7229334115982056
e3a719dd5956d31560a409f9dee9f0949bb0eeda,14.971145638287087,0.628413939348886,0.5047991275787354
e428076cdefaa49419559d08738d955327736b5c,10.300873689712372,0.44677002749096734,0.6833773851394653
e43062273febed32504bb4f9caeb7caa85012df0,17.25289748730449,0.6857767961720409,0.49639126658439636
e435653b8d0284ec5305b10484744d1fcbfc076e,15.008850946003879,0.6299482084651401,0.500926673412323
e49fbfe16a6a77e94be2b1576d87aa34682436e4,13.22406430724897,0.5976768473466306,0.4792064428329468
e4a6c28443b1623a463625fe724e886938a0a543,9.335480966848982,0.3574740625669,0.7638629674911499
e4e3400e2611f800febcf258b43aae170bb8f67e,14.665047376676483,0.6513293207103095,0.4291057884693146
e4f50d74bbf8cea81c37006317795922f807124e,11.773405158983753,0.5526434962532573,0.5478810667991638
e4f5b01ea35ec80d9f93fede4cd2d57f2749b557,12.081400072273832,0.6204418137081819,0.6079950332641602
e50ab7cffd150dcb4ce840fd9c4fe377c00fda87,11.126195980098522,0.5543371475940418,0.6242871880531311
e58e3cfcf9bf4887019cbd77d2b82438523eb805,13.443717469108986,0.5429106224970025,0.582862377166748
e59483250ea50db86a8e4dd3f2a1b313fef49f80,15.287061522092806,0.7279553534122044,0.5647416710853577
e5eff8c6c507afacd59e8124565d1199533962ae,13.181022607745792,0.6355852864772428,0.6301933526992798
e651b5b5ecb3c4aa8fdc5eebb1e47cb8a77bc849,11.809331513513868,0.5323556281747037,0.6387571096420288
e682308de314b9594e068d5ac215ea8a6b83e17f,12.142251048016838,0.7073274390834811,0.5130218863487244
e6a1559e130705fa6b662776a092a9eabc3e521f,16.520232235464615,0.663237980361191,0.5175309777259827
e6a65dc674e1a5e8af20ffaa785d874572e11c2d,11.47137285897579,0.5116715526020857,0.7346330881118774
e71561bdc069d664c2157d5122b25cff3096b920,12.874896036942108,0.49557105187815925,0.6428689360618591
e789ca3d3312fec710b4c3c3d8acfdcebfac6b8f,19.403860984108427,0.7435505944939577,0.2980583906173706
e78d5cc89f0d0beb79dff472077118eb383496cb,9.982057355456957,0.5641090482025217,0.6388704180717468
e86321546c149859f95e35800da71f0645e28822,11.90947728343258,0.41697438072622806,0.5629867315292358
e88b5dbcc964507844dd138e4bceeb52b8bb0017,10.233895672345794,0.4688882348410153,0.5774004459381104
e8a292672e57fda2207730d7ab056aa4b8c184d4,17.72518831530986,0.7214567202828337,0.5327324867248535
e93527dc1ad1a4b23f1e21aa59c75e75c29da145,11.1968520052009,0.36992864181434787,0.799411952495575
e936dde307128b45c9174f3abc6d30294bd906a3,14.428743619150515,0.5763242037753947,0.5432882308959961
e9971e79a5919aa2a6a9311dc661ccbf73c5e631,13.934194246870158,0.5743727382839846,0.5745919942855835
e99e57084b8819fdd2b26daa6e735ed2db7ed558,11.880169035878758,0.5379611780152782,0.6102259159088135
e9a616712c97af2a1ca755633c7edeeca4f1b33b,12.268342802173995,0.5860969863357203,0.5471335649490356
e9e55b52a6bb87bea39322f25f66db192173520f,11.804363153409486,0.6319174380006102,0.6626032590866089
ea4a81d81e4bdc28aeea95fb58d73527d733382e,12.344015706036714,0.5822478238720556,0.5645935535430908
ea7f4750a5ce03274d80e302c55af21c3c61d7bc,12.4083213153881,0.5194068489654439,0.6659723520278931
ead4188a32082b897ecafbc0c45e6cdc79767036,11.61949652068481,0.5469133569559349,0.651992917060852
eae99ac39e7364623a5b277293c62f28db6da5c9,10.138962587500114,0.47405796627032365,0.6277728080749512
eb4d863358e91da51faa450f483c31f9c037610c,13.919237613531513,0.6121915706524835,0.4703906774520874
ebaa16ac28f35d7fd17f42f5e1b0b69d7ba4b273,16.24788291912371,0.5735790541024736,0.49319806694984436
ecb963952e299830743bccc1dc17ac2fb0ab79b1,15.400269905665393,0.7025624805357839,0.5102505087852478
ecc004d23d87ae0054c0c1630eadcb093b4fd3a1,18.970159666623093,0.7852121421946405,0.2947468161582947
ecc74aad1b0e6e9efc255e49451482b4c154c25b,14.991411353568873,0.7489158622709063,0.5737341642379761
ecfc143bd78a172ed1571b99689ec2dc50aff4b5,12.641073437541497,0.49817600003404144,0.681908130645752
ecfdd0b866f30f16e11e75d26c91572eab4be95e,11.699724334191249,0.42103052996304885,0.6903033256530762
ed02e63f0f0cf2187cae83ced22cf5ba16036788,14.16780557893719,0.5989221893526151,0.5760955214500427
edc549c1d8f33929e1a20204f75af07be53d2c40,13.671822954112683,0.6145110142547678,0.6019864082336426
edd60ba382698bc9b96b2f4412bc45e5eb06932f,14.083506803617507,0.6744481656075214,0.5102006793022156
eded49a942c058fa3e9692414f4b2e2cc1c16752,10.06744395856607,0.45595956287697925,0.6577228903770447
edfc2b94f07b117e3397a971aed13ae7eb164206,12.285018742406592,0.5548716285320848,0.5951014757156372
ee5955f8297ffd2dc17f08490a030bbd8aff2e92,14.123009468878152,0.5637720428593443,0.52902752161026
ee940b778adfc9b0987e5df2b4775b999b516506,14.43384699434519,0.6628923560216152,0.6036201119422913
ee9f1b1813e8ec66cd87e9258aa1f0f407702a4f,14.430127293006542,0.5839892872769261,0.5361078381538391
eed2f7c67de55aa43182f73206e93e474c38bb99,12.476512127462096,0.38335405718637255,0.737008273601532
ef06bad7dfffa44745d3cede1c532417a48c6f02,13.015715222826739,0.5177089395093387,0.6171265840530396
ef22651ed78c8ec7c52c2e0ab093dd76af65f5c7,12.218293580940237,0.48734288262842657,0.6905838251113892
f112485d46f512b15e257e6e08762c60f5ae1325,13.078878708518094,0.6109175051834397,0.5666122436523438
f122e10ac9fab45ba16bd21ed0a32c119af1f1fd,11.463009635070811,0.6151673713537202,0.6115098595619202
f1e7366eb33dc331a3cc2897ffae31f843549aee,12.204054386229853,0.6864375426311083,0.48899880051612854
f239eac8191d030ced044d6731b5faf25b8c974f,13.865361232338746,0.5669235579772717,0.5448651313781738
f253d232aa6d5450e5543abf9268ec2a7183e5e6,12.067233571016882,0.5146590187623424,0.5408894419670105
f276fb0e5ed31be60107019fe1f7ad3149287a39,13.242059659769808,0.42056130083170484,0.6563262343406677
f2e2576609466aa4ba86d11d2b1496bf809b560e,14.527517780712351,0.7204844299472016,0.5201942920684814
f2e2df33847b02cfe575f672ca5c4b63008b3619,11.860540481241667,0.49605628373813465,0.6143501996994019
f38bd07e11b7d63eb14a95a44038b6b33580580a,11.973571090125677,0.7308413879405201,0.4190467596054077
f3bea99b06688c6cc3ca66a58ad3a1049bb5ea2e,12.063988790068361,0.5948736229644386,0.5315355062484741
f3ca938cbab74fe979765d1e818e11c4647353c8,17.16989054475579,0.7024600740813964,0.5340890884399414
f3dabd0fd4f1f4a1af5206d337f87bb49e8aab0f,12.579868052482578,0.4994980213858165,0.5773167610168457
f41c8d34161162ac10ec118f8d5bd37f1b5a3407,12.59246038709696,0.6387247533831509,0.47753649950027466
f42ee0632fcd7d56f6f0247699b1a449da7050c6,13.301106804666896,0.601604365222386,0.5779407024383545
f4af4ac0c3d4f73da12e431ea2d2141a896fba58,16.479685092870287,0.6366448984615068,0.47858890891075134
f4e1fdc5b5f1102b6217e15fd55c7b1153ff29b4,11.810965389468475,0.5098240076286767,0.6668238639831543
f57faa120225a23a1fb1d798b56ffe3faa2a1346,13.369846683670133,0.5176041977923467,0.6479992866516113
f59e6b657fbd252aef4bf73449f5b530df2de9b6,10.393385229954697,0.5392117263180997,0.6824762225151062
f5d9ba3e8ed3e0e13c63ba0da0f78a6c270f118a,12.254875022943537,0.3670424761271513,0.7350889444351196
f5de081748f631972149ebfbf0baca0eb19c9cc8,15.854769812149689,0.8114397195745147,0.35829871892929077
f6987eb8a400fc92f718091f03e967a6413749a6,15.890703241198928,0.5876523791918858,0.5583571195602417
f69dd35719489673fe18edc8347f567b5d615de4,12.76763855090826,0.6577761404978016,0.5767897367477417
f6ee4394126dae5c5fa4c033552d2e58ec8a1eff,16.943036441900595,0.7423431877996934,0.4841344654560089
f728544442e3917091bc3fb38e1fe99817dedc3b,11.392952104700997,0.48954552133744483,0.6671784520149231
f76b6a35287edb7800d397e749565bc5b79ef302,11.673394034797989,0.4994833936706334,0.563316822052002
f79cb58aa942b875435a6ad662694ff619c0b306,16.885150967013452,0.5803283163399019,0.44962966442108154
f7d2d65bf96c8dd8329ff311db3ea2f438dda980,11.888146149093936,0.5570515634911198,0.6777451038360596
f7f712aa026eeeed5d0f3ff0c178b998e8458702,15.657684504613197,0.4795709544861981,0.49834197759628296
f83b18913b02150e8df3c08d34de659c98fac3e0,12.454903553654935,0.5314024376353718,0.5891684293746948
f904aef07416016a997739a9bd662496e7f1bda3,13.764882638574228,0.6119607979993831,0.5078064203262329
f91ef0a5a6f123e140b32e1cd96f643ec1bbefa3,14.315867503077058,0.581710785216257,0.5275789499282837
f9326c2078bb61a2205064c4da7b75e0a14b9f55,14.696828121347655,0.5012177090351823,0.5982294082641602
f9362524fcbb72980b815ed9208fc8e48408bca3,15.323505659334195,0.6835446395464401,0.6554629802703857
f94f282e2e73da6a5405e79192ef27833a0bd2e5,12.071855386549299,0.6388999887683136,0.5744253993034363
f956af17c9ebd02848283087354d8676b14f67ad,13.816309175692961,0.6217387675213845,0.5495880842208862
f9968facdaa01d7df6a1871c86ad34a224bf1a0d,13.118207829955963,0.569131957733189,0.547662615776062
f9af77d90b86a3e452abd1342dff760593b429c7,11.674004913343737,0.2527630155773571,0.6439187526702881
fa1b1b4a6a357acfde3bd359c045f946c3fe3b7c,13.434966481199002,0.5533105967371972,0.6617141962051392
fa5ef8dcb068d49f43efba52b734146d936f7ab5,14.935566188703426,0.5106086948075599,0.5112701654434204
fab634d079e38005671f5348ffd8d18cdb9566b1,12.865013521125562,0.6028569388164623,0.5831838250160217
fad33b1d72d6db6929bb0d1a895517d7c83b6232,12.950023081415992,0.5603188738452974,0.5522339344024658
faed4c92ca5fb75f726dc27cc8446c43c7432a51,14.439361100965844,0.4685177375630263,0.5465524792671204
fb29178fb2cc6626ac30a1640a89a231361a88df,10.593844905974574,0.5573861149024939,0.595345675945282
fbdf1b050dd3dbc512cdde54a9d984d6fe8a1099,12.577202834631775,0.6042933774756571,0.5974002480506897
fbfcef5528e72532f448cb2eae3be3e77b87007b,18.691521193818005,0.7283889282522434,0.4412931799888611
fc25b22ce4714c7900c21326fcda8c60b95ee0b9,10.985209354513737,0.512305578005235,0.6235945224761963
fc633cbff50f777c4fff1b5196d865d6ae303f57,14.177118444437193,0.5130642069747262,0.5818565487861633
fc7b5df9473fdee12300cc60ea9cca2c6997e292,12.396263260312999,0.5259536314369249,0.6585615277290344
fcd621edd3f45cf9754f0b2e676908f2cb1721c5,11.284833878173979,0.569126756824443,0.4921261966228485
fd3632ca24fff17320f36a9fa8011afd05370003,12.613707288674217,0.5048324119586476,0.6008842587471008
fd40dc986955cc7cdb3c2bb6e1c6c0cfdc4fcbb9,11.067438166695023,0.6186913308272467,0.5211265683174133
fd623f14d0894fb39b21432b44f4148a8d2fe7ef,14.56284057354046,0.4617876939148979,0.607384979724884
fd83e7b57c4dbaf9ca8e3e4f8eb435df99c671fc,14.330896109937218,0.5662894579122333,0.5376527309417725
fde98cea15340d6591b83ff2352913161c2d0b4c,16.109769275601696,0.526838703891992,0.43219423294067383
fe1a7a5b00b7992909ffd1bbf7072fb09596a4b9,11.892939168036618,0.46680464390528803,0.6298612952232361
fe7a95ac739cfd44f3ad27bb224da8cf15e22603,14.55068200845636,0.6002904879366011,0.5986572504043579
fea54e28fb7925c277257c86d2371a9c281ff9c2,16.45984211294018,0.6518947386408609,0.32607153058052063
feaad2a72d2aa144918b752634533067638da849,13.72513372694936,0.6588669527817523,0.564748227596283
feb4528b23a9b5817258e899d48afc2512912644,11.980177201376897,0.5604455897382037,0.637566328048706
fee9156cc4f0e0977ee42df635211fb15f1e5da7,13.557625668067619,0.6657231544181231,0.6028735041618347
ffa6ea32a863de0f89fb2073ebd47eb02e81a911,16.13934644524204,0.4904821379290139,0.5994447469711304
